Width (m);Depth (Thickness) (m);Attached;Channel;names;Equation
1370;192;0;Valley;Channel;T=0.34^(0.79). R2=0.78
3860;235;0;Valley;Valley;
3240;265;0;Valley;Channel/Valley complex;
1610;194;0;Valley;;
2610;250;0;Valley;;
3260;300;0;Valley;;
4500;540;0;Valley;;
4200;415;0;Valley;;
5900;475;0;Valley;;
11350;920;0;Valley;;
9300;680;0;Valley;;
8560;360;0;Valley;;
14300;460;0;Valley;;
12000;1000;0;Valley;;
17650;1090;0;Valley;;
7980;363;0;Valley;;
10770;314;0;Valley;;
10287;578;0;Valley;;
4300;260;0;Valley;;
31295;914;0;Valley;;
7579.471674;333.3153355;0;Valley;;
56931.68473;1279.146363;0;Valley;;
37892.49895;1983.032545;0;Valley;;
38624.24578;1208.900827;0;Valley;;
8312.568336;869.9566702;0;Valley;;
29761.21377;1567.215151;0;Valley;;
20457.99981;947.518324;0;Valley;;
15974.38009;1043.302782;0;Valley;;
10860.38632;937.3675472;0;Valley;;
5961.421649;674.8376821;0;Valley;;
14362.94427;978.7670586;0;Valley;;
13206.26864;732.0437887;0;Valley;;
12343.18265;620.182768;0;Valley;;
12914.16384;422.9850303;0;Valley;;
2660.529406;349.526882;0;Valley;;
2468.447552;376.3751468;0;Valley;;
2164.869133;334.9216419;0;Valley;;
1789.344384;304.0103668;0;Valley;;
1480.771567;215.2585613;0;Valley;;
1614.27048;218.3631872;0;Valley;;
831.0948531;102.7496187;0;Valley;;
1505.743558;164.3696935;0;Valley;;
1658.680129;139.08724;0;Valley;;
1952.809686;154.6103695;0;Valley;;
4349.040941;453.7208266;0;Valley;;
4409.108702;600.9880809;0;Valley;;
2871.508983;380.7891149;0;Valley;;
1518.567013;224.2214813;0;Valley;;
1474.292348;144.7295601;0;Valley;;
1379.938717;173.6835711;0;Valley;;
1775.711027;188.1133323;0;Valley;;
2874.883577;281.1306238;0;Valley;;
2042.978821;220.6174156;0;Valley;;
1781.110376;218.1472133;0;Valley;;
779.3960828;90.5875842;0;Valley;;
1899.356128;197.2652295;0;Valley;;
2158.389914;251.0967428;0;Valley;;
1944.575679;253.6479354;0;Valley;;
1933.911964;209.8862087;0;Valley;;
1301.378184;159.186318;0;Valley;;
1566.081287;211.560007;0;Valley;;
2165.544052;201.800683;0;Valley;;
1882.483161;214.5026524;0;Valley;;
1757.893174;258.1293954;0;Valley;;
2036.229634;219.7400213;0;Valley;;
2566.31076;183.4833903;0;Valley;;
2806.311839;226.6916837;0;Valley;;
1526.261086;141.3414684;0;Valley;;
1778.140734;157.4450279;0;Valley;;
4547.46703;314.2961273;0;Valley;;
6593.28051;590.3783594;0;Valley;;
8575.651634;706.3428857;0;Valley;;
5331.317576;470.2023406;0;Valley;;
4599.975703;353.5089022;0;Valley;;
9886.208712;719.3688161;0;Valley;;
12019.76162;931.3202759;0;Valley;;
8561.748309;728.439723;0;Valley;;
14216.6219;1113.426832;0;Valley;;
25085.78216;2193.242714;0;Valley;;
4500.627674;715.9807243;0;Valley;;
3823;272;0;Valley;;
3662;263;0;Valley;;
2356;130;0;Valley;;
1405.990578;100.8058529;0;Valley;;
5175;157;0;Valley;;
2158;119;0;Valley;;
1280;128;0;Valley;;
4300;285;0;Valley;;
2869;96;0;Valley;;
7382;246;0;Valley;;
2485;124;0;Valley;;
2997;132;0;Valley;;
2933;155;0;Valley;;
2235;120;0;Valley;;
2696;105;0;Valley;;
3340;130;0;Valley;;
3051;116;0;Valley;;
1896;120;0;Valley;;
1707;111;0;Valley;;
2028;130;0;Valley;;
2028;148;0;Valley;;
2020;100;0;Valley;;
4312;162;0;Valley;;
2655;78;0;Valley;;
2614;180;0;Valley;;
2498;92;0;Valley;;
3240;162;0;Valley;;
2399;192;0;Valley;;
3389;117;0;Valley;;
3058;109;0;Valley;;
3117;64;0;Valley;;
2581;66;0;Valley;;
1632;75;0;Valley;;
2243;84;0;Valley;;
2796;78;0;Valley;;
2960;47;0;Valley;;
2028;43;0;Valley;;
2021;69;0;Valley;;
2316;66;0;Valley;;
1838;47;0;Valley;;
2605;63;0;Valley;;
1962;73;0;Valley;;
1772;120;0;Valley;;
2450;284.1;0;Valley;;
4500;367.0;0;Valley;;
2586;222.3;0;Valley;;
2600;199.2;0;Valley;;
4290;272.6;0;Valley;;
2710;220.2;0;Valley;;
3200;199.2;0;Valley;;
4740;199.2;0;Valley;;
3564;178.2;0;Valley;;
6000;296.7;0;Valley;;
3170;195.0;0;Valley;;
5200;230.7;0;Valley;;
3200;199.2;0;Valley;;
3630;209.7;0;Valley;;
2634;166.7;0;Valley;;
4078;272.6;0;Valley;;
2860;167.8;0;Valley;;
4900;304.1;0;Valley;;
3400;220.2;0;Valley;;
3960;167.8;0;Valley;;
5930;178.2;0;Valley;;
4290;167.8;0;Valley;;
4490;220.2;0;Valley;;
5230;131.1;0;Valley;;
3080;157.3;0;Valley;;
3597;120.6;0;Valley;;
5222;227.5;0;Valley;;
2430;136.3;0;Valley;;
3000;208.7;0;Valley;;
2930;131.1;0;Valley;;
4900;157.3;0;Valley;;
2570;167.8;0;Valley;;
2550;204.5;0;Valley;;
1839;220.2;0;Valley;;
3182;143.6;0;Valley;;
3182;229.6;0;Valley;;
2204;167.8;0;Valley;;
2620;195.0;0;Valley;;
3030;190.8;0;Valley;;
2850;204.5;0;Valley;;
2170;192.9;0;Valley;;
2570;167.8;0;Valley;;
2500;162.5;0;Valley;;
3000;200;0;Valley;;
2700;130;0;Valley;;
5200;180;0;Valley;;
2000;100;0;Valley;;
3500;145;0;Valley;;
3100;200;0;Valley;;
2600;180;0;Valley;;
2600;220;0;Valley;;
2800;190;0;Valley;;
2600;150;0;Valley;;
3700;220;0;Valley;;
2700;150;0;Valley;;
3600;220;0;Valley;;
2300;210;0;Valley;;
2300;190;0;Valley;;
4000;380;0;Valley;;
4800;330;0;Valley;;
3400;260;0;Valley;;
4500;330;0;Valley;;
3400;340;0;Valley;;
3300;350;0;Valley;;
3500;320;0;Valley;;
4200;380;0;Valley;;
4500;360;0;Valley;;
3600;340;0;Valley;;
2500;330;0;Valley;;
3500;350;0;Valley;;
3800;150;0;Valley;;
3700;270;0;Valley;;
8000;300;0;Valley;;
2070;140;0;Valley;;
2140;166;0;Valley;;
1960;228;0;Valley;;
2720;279;0;Valley;;
3320;279;0;Valley;;
1460;166;0;Valley;;
2370;290;0;Valley;;
2500;155;0;Valley;;
3100;259;0;Valley;;
3530;200;0;Valley;;
3700;213;0;Valley;;
3800;225;0;Valley;;
4320;213;0;Valley;;
3420;225;0;Valley;;
3460;200;0;Valley;;
3680;200;0;Valley;;
4370;213;0;Valley;;
3800;200;0;Valley;;
1250;100;0;Valley;;
1494;111;0;Valley;;
1524;81;0;Valley;;
1481;89;0;Valley;;
1768;85;0;Valley;;
1554;72;0;Valley;;
1402;89;0;Valley;;
1402;89;0;Valley;;
1585;91;0;Valley;;
1676;81;0;Valley;;
1311;70;0;Valley;;
1189;71;0;Valley;;
1128;77;0;Valley;;
640;26;0;Valley;;
1158;60;0;Valley;;
1143;50;0;Valley;;
1006;49;0;Valley;;
914;54;0;Valley;;
991;38;0;Valley;;
1646;77;0;Valley;;
1737;72;0;Valley;;
2164;77;0;Valley;;
1890;68;0;Valley;;
1280;68;0;Valley;;
1494;94;0;Valley;;
3414;230;0;Valley;;
2926;315;0;Valley;;
2195;153;0;Valley;;
2347;119;0;Valley;;
2438;136;0;Valley;;
2682;153;0;Valley;;
2042;77;0;Valley;;
2225;68;0;Valley;;
2012;94;0;Valley;;
1250;60;0;Valley;;
1067;68;0;Valley;;
1402;68;0;Valley;;
3231;60;0;Valley;;
2835;77;0;Valley;;
1179;166.5;0;Valley;;
1107;176.25;0;Valley;;
968;129.75;0;Valley;;
1419;138.75;0;Valley;;
1274;168.75;0;Valley;;
1585;155.25;0;Valley;;
1051;130.5;0;Valley;;
1557;211.5;0;Valley;;
1968;203.25;0;Valley;;
2163;243.75;0;Valley;;
1613;229.5;0;Valley;;
1321;205.5;0;Valley;;
841;113.25;0;Valley;;
1091;135;0;Valley;;
1467;216.75;0;Valley;;
1926;163.5;0;Valley;;
901;120.75;0;Valley;;
784;114;0;Valley;;
1145;135;0;Valley;;
1390;150.75;0;Valley;;
918;135;0;Valley;;
1552;157.5;0;Valley;;
906;112.5;0;Valley;;
1016;94.5;0;Valley;;
645;129;0;Valley;;
2548;124.5;0;Valley;;
1686;163.2;0;Valley;;
2816;162.4;0;Valley;;
3415;208.2;0;Valley;;
4057;238.7;0;Valley;;
2137;178.4;0;Valley;;
1372;93.0;0;Valley;;
1917;100.7;0;Valley;;
1571;112.7;0;Valley;;
2208;155.4;0;Valley;;
2892;146.7;0;Valley;;
2031;159.8;0;Valley;;
1550;142.3;0;Valley;;
2725;146.7;0;Valley;;
2588;156.5;0;Valley;;
2379;147.8;0;Valley;;
1844;146.7;0;Valley;;
1865;129.2;0;Valley;;
2148;140.1;0;Valley;;
2043;145.6;0;Valley;;
2242;155.4;0;Valley;;
1884;133.2;0;Valley;;
1555;138.6;0;Valley;;
1310;122.4;0;Valley;;
968;83.4;0;Valley;;
1240;120.2;0;Valley;;
1405;97.5;0;Valley;;
1206;94.2;0;Valley;;
927;96.4;0;Valley;;
1120;75.8;0;Valley;;
1685;108.3;0;Valley;;
1360;106.1;0;Valley;;
1090;75.8;0;Valley;;
1200;119.1;0;Valley;;
1205;113.7;0;Valley;;
1020;95.3;0;Valley;;
1115;94.1;0;Valley;;
1154;93.2;0;Valley;;
1250;102.3;0;Valley;;
1998;52.0;0;Valley;;
910;74.3;0;Valley;;
1821;86.6;0;Valley;;
819;72.6;0;Valley;;
1120;75.1;0;Valley;;
1574;73.4;0;Valley;;
1100;86.6;0;Valley;;
1255;72.6;0;Valley;;
1018;64.4;0;Valley;;
1472;89.1;0;Valley;;
1456;126.5;0;Valley;;
1246;94.3;0;Valley;;
1163;81.7;0;Valley;;
828;89.7;0;Valley;;
1146;128.8;0;Valley;;
981;81.7;0;Valley;;
928;97.8;0;Valley;;
481;81.7;0;Valley;;
820;93.2;0;Valley;;
719;63.3;0;Valley;;
1133;74.8;0;Valley;;
1425;120.8;0;Valley;;
1677;117.3;0;Valley;;
1980;144.9;0;Valley;;
1810;116.2;0;Valley;;
2460;177.1;0;Valley;;
1456;97.8;0;Valley;;
1278;109.3;0;Valley;;
995;92.0;0;Valley;;
1600;141.5;0;Valley;;
1538;128.8;0;Valley;;
945;116.2;0;Valley;;
1319;109.3;0;Valley;;
925;118.5;0;Valley;;
1167;85.1;0;Valley;;
1189;94.3;0;Valley;;
1425;71.3;0;Valley;;
1726;154.1;0;Valley;;
1538;131.1;0;Valley;;
1655;100.4;0;Valley;;
1456;66.3;0;Valley;;
1638;87.8;0;Valley;;
1821;86.8;0;Valley;;
1225;77.0;0;Valley;;
1432;77.0;0;Valley;;
1304;80.9;0;Valley;;
946;88.7;0;Valley;;
1440;105.1;0;Valley;;
1346;137.9;0;Valley;;
1095;98.5;0;Valley;;
867;70.0;0;Valley;;
1066;81.0;0;Valley;;
914;75.5;0;Valley;;
1281;101.8;0;Valley;;
1470;110.5;0;Valley;;
1350;118.2;0;Valley;;
1010;90.8;0;Valley;;
1321;83.2;0;Valley;;
1098;93.0;0;Valley;;
1090;93.0;0;Valley;;
787;99.6;0;Valley;;
1838;131.3;0;Valley;;
1201;108.4;0;Valley;;
1630;135.7;0;Valley;;
1460;94.1;0;Valley;;
1158;101.8;0;Valley;;
1456;99.6;0;Valley;;
3026.065359;390.5754357;0;Valley;;
3051.982236;418.9085215;0;Valley;;
5473.320465;472.2945885;0;Valley;;
5273.004603;475.60169;0;Valley;;
3792.36802;291.5243713;0;Valley;;
1130.488776;52.3601906;0;Valley;;
3280;102;0;Valley;;
2960;100;0;Valley;;
5620;86;0;Valley;;
7600;360;0;Valley;;
4636;79;0;Valley;;
9121;91;0;Valley;;
8000;250;0;Valley;;
2073;107;0;Valley;;
1742;189;0;Valley;;
2247;195;0;Valley;;
2783;164;0;Valley;;
2154;109;0;Valley;;
3205;341;0;Valley;;
3566;188;0;Valley;;
3875;196;0;Valley;;
2515;126;0;Valley;;
5200;130;0;Valley;;
4700;130;0;Valley;;
4400;90;0;Valley;;
4400;130;0;Valley;;
5000;140;0;Valley;;
6200;160;0;Valley;;
6700;180;0;Valley;;
6900;140;0;Valley;;
6400;200;0;Valley;;
6100;150;0;Valley;;
5200;130;0;Valley;;
9200;120;0;Valley;;
7600;110;0;Valley;;
7000;120;0;Valley;;
6500;130;0;Valley;;
5800;130;0;Valley;;
1213.908724;81.55717236;0;Valley;;
10180.74322;371.5292307;0;Valley;;
1577;85;0;Valley;;
4655;368;0;Valley;;
4083;249;0;Valley;;
3546;65;0;Valley;;
2757;184;0;Valley;;
3535;87;0;Valley;;
3857;108;0;Valley;;
2731;47;0;Valley;;
3012;84;0;Valley;;
5054;88;0;Valley;;
2950;80;0;Valley;;
1164;142;0;Valley;;
992;107;0;Valley;;
3135;118;0;Valley;;
1448;110;0;Valley;;
1789;87;0;Valley;;
1999;96;0;Valley;;
2681;142;0;Valley;;
9883;213;0;Valley;;
10542;256;0;Valley;;
2090;192;0;Valley;;
1886.80264;137.7643994;0;Valley;;
2637;241;0;Valley;;
2405.410148;167.2583454;0;Valley;;
3496.618657;221.7377806;0;Valley;;
2528;75.856;0;Valley;;
2554;78.442;0;Valley;;
2921;71.546;0;Valley;;
2007;72.408;0;Valley;;
1645;56.892;0;Valley;;
883;81.028;0;Valley;;
1175;83.614;0;Valley;;
2386;74.994;0;Valley;;
1930;96.544;0;Valley;;
1384;90.51;0;Valley;;
868;99.13;0;Valley;;
1260;133.61;0;Valley;;
2159;133.5;0;Valley;;
1588;155.4;0;Valley;;
2997;223.3;0;Valley;;
3217;234.2;0;Valley;;
1288;110.5;0;Valley;;
1718;110.5;0;Valley;;
2295;96.3;0;Valley;;
1980;158.7;0;Valley;;
2033;137.9;0;Valley;;
2001;125.9;0;Valley;;
1970;127.0;0;Valley;;
1802;143.4;0;Valley;;
3112;151.0;0;Valley;;
2358;172.9;0;Valley;;
2148;133.5;0;Valley;;
2495;220.0;0;Valley;;
3332;171.8;0;Valley;;
2106;154.3;0;Valley;;
3123;149.9;0;Valley;;
730;30;0;Valley;;
3600;122;0;Valley;;
939;55;0;Valley;;
1267;42;0;Valley;;
2377;103;0;Valley;;
703;44;0;Valley;;
530;16;0;Valley;;
6164;80;0;Valley;;
4629;56;0;Valley;;
10114;331;0;Valley;;
10697;283;0;Valley;;
2284;204;2;Channel/valley complex;;
2185;350;2;Channel/valley complex;;
5100;725;2;Channel/valley complex;;
6000;849;2;Channel/valley complex;;
4200;994;2;Channel/valley complex;;
5400;1159;2;Channel/valley complex;;
6100;580;2;Channel/valley complex;;
5700;611;2;Channel/valley complex;;
6900;1087;2;Channel/valley complex;;
7000;1170;2;Channel/valley complex;;
7000;1097;2;Channel/valley complex;;
6200;1139;2;Channel/valley complex;;
13000;1180;2;Channel/valley complex;;
6000;994;2;Channel/valley complex;;
6100;1035;2;Channel/valley complex;;
7200;983;2;Channel/valley complex;;
7500;1004;2;Channel/valley complex;;
5400;466;2;Channel/valley complex;;
6000;445;2;Channel/valley complex;;
4700;528;2;Channel/valley complex;;
5500;942;2;Channel/valley complex;;
2417;322;2;Channel/valley complex;;
1474;184;2;Channel/valley complex;;
2761;216;2;Channel/valley complex;;
10714.33392;309.9766478;2;Channel/valley complex;;
10971.47794;186.8444852;2;Channel/valley complex;;
5100.090439;175.7218255;2;Channel/valley complex;;
5484;102;2;Channel/valley complex;;
5489;79;2;Channel/valley complex;;
1050;35;2;Channel/valley complex;;
1500;69;2;Channel/valley complex;;
1400;69;2;Channel/valley complex;;
1657;72;2;Channel/valley complex;;
1692;66;2;Channel/valley complex;;
1958;52;2;Channel/valley complex;;
1676;50;2;Channel/valley complex;;
1525;51;2;Channel/valley complex;;
1222;47;2;Channel/valley complex;;
1656;52;2;Channel/valley complex;;
3757.137265;243.8211196;2;Channel/valley complex;;
4295.992333;195.1999784;2;Channel/valley complex;;
3496.34869;256.3746069;2;Channel/valley complex;;
3998.353198;307.8574032;2;Channel/valley complex;;
5522.049593;381.4370368;2;Channel/valley complex;;
8710.905336;562.2477491;2;Channel/valley complex;;
2362;279;2;Channel/valley complex;;
3930;130;2;Channel/valley complex;;
4584;129;2;Channel/valley complex;;
2969;219;2;Channel/valley complex;;
1146;128;2;Channel/valley complex;;
1742;202;2;Channel/valley complex;;
1201;126;2;Channel/valley complex;;
673;113;2;Channel/valley complex;;
1985;104;2;Channel/valley complex;;
1286;122;2;Channel/valley complex;;
748;179.25;2;Channel/valley complex;;
593;159;2;Channel/valley complex;;
764;141.75;2;Channel/valley complex;;
797;122.25;2;Channel/valley complex;;
835;69.75;2;Channel/valley complex;;
571;71.25;2;Channel/valley complex;;
537;120;2;Channel/valley complex;;
626;109.5;2;Channel/valley complex;;
533;118.5;2;Channel/valley complex;;
473;65.25;2;Channel/valley complex;;
403;70.5;2;Channel/valley complex;;
1010;117.0;2;Channel/valley complex;;
899;114.8;2;Channel/valley complex;;
1077;132.8;2;Channel/valley complex;;
1264;123.0;2;Channel/valley complex;;
844;103.5;2;Channel/valley complex;;
608;76.5;2;Channel/valley complex;;
460;129.8;2;Channel/valley complex;;
893;81.8;2;Channel/valley complex;;
365;43.5;2;Channel/valley complex;;
344;27.8;2;Channel/valley complex;;
260;33.0;2;Channel/valley complex;;
730;93.75;2;Channel/valley complex;;
591;78.0;2;Channel/valley complex;;
832;71.3;2;Channel/valley complex;;
569;56.3;2;Channel/valley complex;;
608;71.3;2;Channel/valley complex;;
675;48.0;2;Channel/valley complex;;
661;35.3;2;Channel/valley complex;;
916;119.25;2;Channel/valley complex;;
930;128.3;2;Channel/valley complex;;
734;121.5;2;Channel/valley complex;;
809;134.3;2;Channel/valley complex;;
743;135.8;2;Channel/valley complex;;
636;144.8;2;Channel/valley complex;;
520;144.0;2;Channel/valley complex;;
471;122.3;2;Channel/valley complex;;
543;141.0;2;Channel/valley complex;;
716;71.3;2;Channel/valley complex;;
979;67.5;2;Channel/valley complex;;
1174;69.8;2;Channel/valley complex;;
7756;575;2;Channel/valley complex;;
2466.827747;193.9446297;2;Channel/valley complex;;
4267;264;2;Channel/valley complex;;
3688;255;2;Channel/valley complex;;
2774;230;2;Channel/valley complex;;
3078;221;2;Channel/valley complex;;
2408;230;2;Channel/valley complex;;
3292;213;2;Channel/valley complex;;
2682;230;2;Channel/valley complex;;
3109;204;2;Channel/valley complex;;
2713;196;2;Channel/valley complex;;
3018;213;2;Channel/valley complex;;
3749;255;2;Channel/valley complex;;
3688;213;2;Channel/valley complex;;
3383;170;2;Channel/valley complex;;
2469;196;2;Channel/valley complex;;
4755;213;2;Channel/valley complex;;
3475;221;2;Channel/valley complex;;
2896;170;2;Channel/valley complex;;
2591;204;2;Channel/valley complex;;
3505;221;2;Channel/valley complex;;
3261;221;2;Channel/valley complex;;
1859;187;2;Channel/valley complex;;
5364;196;2;Channel/valley complex;;
1798;179;2;Channel/valley complex;;
1585;153;2;Channel/valley complex;;
2530;187;2;Channel/valley complex;;
1890;145;2;Channel/valley complex;;
2103;162;2;Channel/valley complex;;
2704;136;2;Channel/valley complex;;
3597;128;2;Channel/valley complex;;
2134;94;2;Channel/valley complex;;
2377;111;2;Channel/valley complex;;
1981;115;2;Channel/valley complex;;
4237;98;2;Channel/valley complex;;
2896;94;2;Channel/valley complex;;
3597;136;2;Channel/valley complex;;
1326;68;2;Channel/valley complex;;
1372;60;2;Channel/valley complex;;
1189;55;2;Channel/valley complex;;
830;50;1;Channel;;
216;24.998;1;Channel;;
530;22.412;1;Channel;;
333;38.79;1;Channel;;
266;32.756;1;Channel;;
270;27.584;1;Channel;;
230;28.446;1;Channel;;
279;25.86;1;Channel;;
358;32.756;1;Channel;;
286;37.066;1;Channel;;
184;30.17;1;Channel;;
193;24.136;1;Channel;;
295;32.756;1;Channel;;
412;17;1;Channel;;
420;18;1;Channel;;
495;23.274;1;Channel;;
303;15.516;1;Channel;;
295;16.378;1;Channel;;
359;23.274;1;Channel;;
412;17.24;1;Channel;;
434;22.412;1;Channel;;
393;18.102;1;Channel;;
330;21.55;1;Channel;;
450;23.274;1;Channel;;
350;29.308;1;Channel;;
543;29.308;1;Channel;;
652;27.584;1;Channel;;
359;17.24;1;Channel;;
339;16.378;1;Channel;;
282;28.446;1;Channel;;
308;26.722;1;Channel;;
276;19.826;1;Channel;;
294;52.80;1;Channel;;
300;52.80;1;Channel;;
286;56.76;1;Channel;;
214;47.52;1;Channel;;
600;90;1;Channel;;
605;90.9;1;Channel;;
590;88.2;1;Channel;;
620;94.5;1;Channel;;
635;99;1;Channel;;
630;90;1;Channel;;
610;89.1;1;Channel;;
640;94.5;1;Channel;;
660;97.2;1;Channel;;
670;102.6;1;Channel;;
655;101.7;1;Channel;;
700;103.5;1;Channel;;
680;101.7;1;Channel;;
1566;270;1;Channel;;
1500;252;1;Channel;;
1530;252;1;Channel;;
1400;234;1;Channel;;
1430;243;1;Channel;;
1540;270;1;Channel;;
1600;265.5;1;Channel;;
1540;256.5;1;Channel;;
1580;270;1;Channel;;
1610;261;1;Channel;;
1600;265.5;1;Channel;;
1575;261;1;Channel;;
1610;243;1;Channel;;
200;27;1;Channel;;
210;31.5;1;Channel;;
195;27;1;Channel;;
200;31.5;1;Channel;;
200;28.8;1;Channel;;
205;31.5;1;Channel;;
210;36;1;Channel;;
215;31.5;1;Channel;;
220;31.5;1;Channel;;
230;33.3;1;Channel;;
210;36;1;Channel;;
200;31.5;1;Channel;;
220;32.4;1;Channel;;
626;39.652;1;Channel;;
552;43.1;1;Channel;;
235;39.652;1;Channel;;
535;33.618;1;Channel;;
666;31.032;1;Channel;;
625;29.308;1;Channel;;
290;31.032;1;Channel;;
685;60.34;1;Channel;;
898;68.96;1;Channel;;
635;70.684;1;Channel;;
815;61.202;1;Channel;;
788;77.58;1;Channel;;
900;66.374;1;Channel;;
752;57.754;1;Channel;;
689;71.546;1;Channel;;
407;16.378;1;Channel;;
388;31.894;1;Channel;;
567;44.824;1;Channel;;
266;18.964;1;Channel;;
208;23.274;1;Channel;;
390;47.06;1;Channel;;
662;48.87;1;Channel;;
323;47.97;1;Channel;;
405;47.97;1;Channel;;
287;56.11;1;Channel;;
410;58.83;1;Channel;;
293;49.78;1;Channel;;
353;51.59;1;Channel;;
568;49.78;1;Channel;;
430;51.59;1;Channel;;
408;47.06;1;Channel;;
465;55.21;1;Channel;;
478;52.49;1;Channel;;
212;42.238;1;Channel;;
750;30;1;Channel;;
570;34;1;Channel;;
325;28;1;Channel;;
545;67.9;1;Channel;;
896;87.8;1;Channel;;
713;62.4;1;Channel;;
747;67.9;1;Channel;;
949;85.1;1;Channel;;
612;60.6;1;Channel;;
839;74.2;1;Channel;;
616;58.8;1;Channel;;
597;50.7;1;Channel;;
507;57.9;1;Channel;;
463;61.5;1;Channel;;
713;79.6;1;Channel;;
747;59.2;1;Channel;;
676;67.2;1;Channel;;
883;54.4;1;Channel;;
615;52;1;Channel;;
605;44.8;1;Channel;;
1195;74.4;1;Channel;;
1300;80.8;1;Channel;;
1034;92;1;Channel;;
1049;56.8;1;Channel;;
978;60;1;Channel;;
1473.482445;78.16233144;1;Channel;;
2511.237396;82.2995829;1;Channel;;
2086;317;1;Channel;;
1296;183;1;Channel;;
646;99;1;Channel;;
325.850735;44.08568767;1;Channel;;
253;33.0;1;Channel;;
191;29.0;1;Channel;;
173;26.4;1;Channel;;
166;31.7;1;Channel;;
177;31.7;1;Channel;;
272;42.2;1;Channel;;
212;50.2;1;Channel;;
298;54.1;1;Channel;;
288;55.4;1;Channel;;
305;52.8;1;Channel;;
212;34.3;1;Channel;;
278;38.3;1;Channel;;
236;34.3;1;Channel;;
193;35.6;1;Channel;;
271;44.88;1;Channel;;
344;50.16;1;Channel;;
295;36.96;1;Channel;;
303;33;1;Channel;;
274;40.92;1;Channel;;
340;44.88;1;Channel;;
302;52.8;1;Channel;;
292;44.88;1;Channel;;
281;44.88;1;Channel;;
232;25.08;1;Channel;;
347;38.28;1;Channel;;
208;44.9;1;Channel;;
274;37.0;1;Channel;;
233;39.6;1;Channel;;
396;53.444;1;Channel;;
292;46.548;1;Channel;;
391;49.996;1;Channel;;
395;57.754;1;Channel;;
366;43.1;1;Channel;;
279;37.928;1;Channel;;
184;40.514;1;Channel;;
287;60.34;1;Channel;;
283;42.238;1;Channel;;
469;43.962;1;Channel;;
474;52.582;1;Channel;;
408;56.892;1;Channel;;
421;60.34;1;Channel;;
602;62.064;1;Channel;;
453;55.81;1;Channel;;
363;59.23;1;Channel;;
385;70.62;1;Channel;;
584;64.92;1;Channel;;
572;59.23;1;Channel;;
462;47.84;1;Channel;;
359;44.42;1;Channel;;
491;52.76;1;Channel;;
473;61.35;1;Channel;;
548;58.90;1;Channel;;
509;56.44;1;Channel;;
770;84.66;1;Channel;;
268;50.00;1;Channel;;
403;62.58;1;Channel;;
1205;51;1;Channel;;
500;50;1;Channel;;
2296.748242;301.3376888;1;Channel;;
1936.206687;300.4602945;1;Channel;;
1671.3686;279.3083433;1;Channel;;
1410.984976;285.8820512;1;Channel;;
1785.159888;301.5806595;1;Channel;;
1588.353603;304.4963082;1;Channel;;
1773.551287;271.9382314;1;Channel;;
1785.564839;277.162102;1;Channel;;
2456.299016;229.9717884;1;Channel;;
2350.336784;249.7469055;1;Channel;;
2101.156811;141.0984976;1;Channel;;
1871.684462;98.5651229;1;Channel;;
1139.532686;126.0883064;1;Channel;;
2380;286;1;Channel;;
1576;136;1;Channel;;
1864.39534;220.8738847;1;Channel;;
2522.441046;192.4598086;1;Channel;;
2019.356668;197.5891905;1;Channel;;
878.0691927;133.6608939;1;Channel;;
1365.765425;112.1714833;1;Channel;;
1456.204527;99.41552043;1;Channel;;
2129.368411;223.2495984;1;Channel;;
2287.974299;213.8412321;1;Channel;;
2183.226921;256.9010434;1;Channel;;
2651.350512;347.4751292;1;Channel;;
1318.116167;122.7542081;1;Channel;;
1212.423903;140.8150318;1;Channel;;
1860.075861;201.3552367;1;Channel;;
1735.755841;210.4666388;1;Channel;;
2626.378521;239.4611449;1;Channel;;
342;24;1;Channel;;
914;71;1;Channel;;
414;42;1;Channel;;
203;13;1;Channel;;
481;50;1;Channel;;
1236;100;1;Channel;;
640;45;1;Channel;;
237;15;1;Channel;;
357;17;1;Channel;;
548;33;1;Channel;;
626;57;1;Channel;;
517;27;1;Channel;;
310;53;1;Channel;;
354;22;1;Channel;;
546;38;1;Channel;;
275;30;1;Channel;;
582;15;1;Channel;;
1030;79;1;Channel;;
565;57;1;Channel;;
354;29;1;Channel;;
530;78;1;Channel;;
256;26;1;Channel;;
392;40.5;1;Channel;;
370;39.6;1;Channel;;
380;41.4;1;Channel;;
350;35.1;1;Channel;;
315;38.7;1;Channel;;
357;49.05;1;Channel;;
384;43.2;1;Channel;;
370;39.6;1;Channel;;
348;37.8;1;Channel;;
380;41.4;1;Channel;;
404;41.4;1;Channel;;
360;37.8;1;Channel;;
330;43.2;1;Channel;;
188;19.89;1;Channel;;
170;18.9;1;Channel;;
160;19.08;1;Channel;;
185;18.72;1;Channel;;
190;19.35;1;Channel;;
170;18.9;1;Channel;;
185;18.54;1;Channel;;
184;18.81;1;Channel;;
185;18.72;1;Channel;;
190;18.9;1;Channel;;
170;18.72;1;Channel;;
198;18.63;1;Channel;;
198;18.54;1;Channel;;
465;46.98;1;Channel;;
465;47.7;1;Channel;;
465;46.8;1;Channel;;
430;47.7;1;Channel;;
400;48.42;1;Channel;;
410;47.7;1;Channel;;
335;48.6;1;Channel;;
380;48.96;1;Channel;;
350;48.96;1;Channel;;
330;48.87;1;Channel;;
360;48.87;1;Channel;;
380;48.87;1;Channel;;
354;48.96;1;Channel;;
312;33.57;1;Channel;;
320;33.57;1;Channel;;
318;30.6;1;Channel;;
330;29.61;1;Channel;;
333;29.61;1;Channel;;
350;32.4;1;Channel;;
355;32.4;1;Channel;;
360;33.3;1;Channel;;
370;36;1;Channel;;
380;40.32;1;Channel;;
370;36;1;Channel;;
390;35.1;1;Channel;;
398;36.27;1;Channel;;
432;47.7;1;Channel;;
432;47.7;1;Channel;;
405;45;1;Channel;;
400;46.8;1;Channel;;
391;44.55;1;Channel;;
391;44.55;1;Channel;;
405;45;1;Channel;;
400;45.9;1;Channel;;
410;44.1;1;Channel;;
398;45;1;Channel;;
400;45;1;Channel;;
397;46.35;1;Channel;;
397;46.35;1;Channel;;
223;28.8;1;Channel;;
220;29.7;1;Channel;;
220;27.9;1;Channel;;
228;27.9;1;Channel;;
225;26.1;1;Channel;;
230;27;1;Channel;;
220;27.9;1;Channel;;
220;26.1;1;Channel;;
230;27;1;Channel;;
235;26.1;1;Channel;;
230;32.4;1;Channel;;
220;31.5;1;Channel;;
220;31.5;1;Channel;;
225;36.96;1;Channel;;
230;36.96;1;Channel;;
447;51.48;1;Channel;;
247;39.6;1;Channel;;
195;33;1;Channel;;
165;18.48;1;Channel;;
256;36.96;1;Channel;;
156;27.72;1;Channel;;
152;22.44;1;Channel;;
186;27.72;1;Channel;;
160;30.36;1;Channel;;
165;30.36;1;Channel;;
217;25.08;1;Channel;;
195;25.08;1;Channel;;
160;29.04;1;Channel;;
156;26.4;1;Channel;;
178;25.08;1;Channel;;
134;21.12;1;Channel;;
763;44;1;Channel;;
995;71;1;Channel;;
773;36;1;Channel;;
123;10;1;Channel;;
1871;45;1;Channel;;
858;32;1;Channel;;
316;12;1;Channel;;
120;10;1;Channel;;
304;20;1;Channel;;
341;14;1;Channel;;
1879;45;1;Channel;;
1830;45;1;Channel;;
1594;45;1;Channel;;
1500;45;1;Channel;;
264;13.792;1;Channel;;
360;18;1;Channel;;
361;33.5;1;Channel;;
436;35.3;1;Channel;;
292;26.2;1;Channel;;
358;25.3;1;Channel;;
352;28.1;1;Channel;;
381;31.7;1;Channel;;
484;39.8;1;Channel;;
406;38.0;1;Channel;;
570;43.4;1;Channel;;
489;29.0;1;Channel;;
530;42.5;1;Channel;;
575;37.1;1;Channel;;
440;23.4;1;Channel;;
440;26.1;1;Channel;;
437;24.3;1;Channel;;
437;23.4;1;Channel;;
439;22.5;1;Channel;;
440;23.4;1;Channel;;
439;23.4;1;Channel;;
428;22.5;1;Channel;;
432;25.2;1;Channel;;
430;21.6;1;Channel;;
422;24.3;1;Channel;;
430;23.4;1;Channel;;
433;24.3;1;Channel;;
410;28.8;1;Channel;;
403;31.5;1;Channel;;
400;29.7;1;Channel;;
403;31.5;1;Channel;;
420;30.6;1;Channel;;
405;26.1;1;Channel;;
400;29.7;1;Channel;;
406;30.6;1;Channel;;
404;27;1;Channel;;
400;29.7;1;Channel;;
400;32.4;1;Channel;;
404;31.5;1;Channel;;
398;27.9;1;Channel;;
184;12.6;1;Channel;;
190;13.5;1;Channel;;
180;11.7;1;Channel;;
175;10.8;1;Channel;;
182;11.7;1;Channel;;
186;12.6;1;Channel;;
185;11.7;1;Channel;;
179;12.6;1;Channel;;
183;13.5;1;Channel;;
181;11.7;1;Channel;;
181;12.6;1;Channel;;
190;12.6;1;Channel;;
188;11.7;1;Channel;;
1010;72;1;Channel;;
1005;67.5;1;Channel;;
1000;72.9;1;Channel;;
999;69.3;1;Channel;;
997;67.5;1;Channel;;
1003;72.9;1;Channel;;
1000;73.8;1;Channel;;
1008;74.7;1;Channel;;
1010;75.6;1;Channel;;
1000;72.9;1;Channel;;
999;72;1;Channel;;
1003;71.1;1;Channel;;
1000;72.9;1;Channel;;
200;17.1;1;Channel;;
202;18;1;Channel;;
204;16.2;1;Channel;;
200;17.1;1;Channel;;
199;14.4;1;Channel;;
200;15.3;1;Channel;;
198;16.2;1;Channel;;
202;16.2;1;Channel;;
202;15.3;1;Channel;;
201;14.4;1;Channel;;
200;16.2;1;Channel;;
200;17.1;1;Channel;;
200;16.2;1;Channel;;
180;13.5;1;Channel;;
175;12.6;1;Channel;;
180;12.6;1;Channel;;
182;13.05;1;Channel;;
181;14.4;1;Channel;;
179;12.6;1;Channel;;
178;13.5;1;Channel;;
180;14.4;1;Channel;;
183;13.5;1;Channel;;
178;12.6;1;Channel;;
176;12.6;1;Channel;;
180;14.4;1;Channel;;
180;13.5;1;Channel;;
334;20.25;1;Channel;;
340;20.7;1;Channel;;
335;20.7;1;Channel;;
330;21.6;1;Channel;;
335;20.25;1;Channel;;
331;20.7;1;Channel;;
335;22.5;1;Channel;;
333;20.7;1;Channel;;
332;21.6;1;Channel;;
334;22.5;1;Channel;;
335;21.6;1;Channel;;
332;22.5;1;Channel;;
331;19.8;1;Channel;;
160;12.6;1;Channel;;
158;11.7;1;Channel;;
161;11.7;1;Channel;;
160;11.25;1;Channel;;
158;10.8;1;Channel;;
160;11.7;1;Channel;;
165;13.5;1;Channel;;
164;12.6;1;Channel;;
165;11.7;1;Channel;;
160;10.8;1;Channel;;
161;10.8;1;Channel;;
159;12.6;1;Channel;;
161;11.7;1;Channel;;
397;32.13;1;Channel;;
400;33.3;1;Channel;;
398;32.4;1;Channel;;
395;31.5;1;Channel;;
394;30.6;1;Channel;;
396;31.5;1;Channel;;
390;29.7;1;Channel;;
392;30.6;1;Channel;;
395;31.5;1;Channel;;
395;27.9;1;Channel;;
397;26.1;1;Channel;;
394;27;1;Channel;;
396;26.1;1;Channel;;
400;37;1;Channel;;
538;35;1;Channel;;
646;26;1;Channel;;
500;25;1;Channel;;
570;34;1;Channel;;
412;30;1;Channel;;
597;47;1;Channel;;
450;33;1;Channel;;
374;28;1;Channel;;
390;20;1;Channel;;
484.3216392;42.93832593;1;Channel;;
751.4544497;50.76738253;1;Channel;;
646.9770393;52.42768246;1;Channel;;
435.9974623;48.37817043;1;Channel;;
543.1745475;42.23641051;1;Channel;;
655.2110471;43.62674298;1;Channel;;
656.9658356;44.49063888;1;Channel;;
551;26;1;Channel;;
407;17;1;Channel;;
1080;103.1;1;Channel;;
1316;100.7;1;Channel;;
818;80.0;1;Channel;;
796;68.5;1;Channel;;
1308;93.2;1;Channel;;
915;75.9;1;Channel;;
795;68.0;1;Channel;;
747;75.6;1;Channel;;
755;75.6;1;Channel;;
835;63.0;1;Channel;;
787;63.8;1;Channel;;
1034;63.8;1;Channel;;
740;58.8;1;Channel;;
1034;57.1;1;Channel;;
906;67.2;1;Channel;;
819;63.8;1;Channel;;
1270;45.4;1;Channel;;
1854;77.3;1;Channel;;
1766;75.6;1;Channel;;
960;30;1;Channel;;
648;74;1;Channel;;
626;41;1;Channel;;
2174;96;1;Channel;;
1586;68;1;Channel;;