Area (m2);Depth (Thickness) (m);Attached;Channel;Names;Equation
142212.0474;192;0;Valley;Channel;T=0.45A^(0.48)
370942.5575;235;0;Valley;Valley;
472616.084;265;0;Valley;Channel/Valley complex;
175644.2215;194;0;Valley;;
363158.8959;250;0;Valley;;
567870.071;300;0;Valley;;
1338263.022;540;0;Valley;;
975687.1128;415;0;Valley;;
2072868.622;475;0;Valley;;
5335116.232;920;0;Valley;;
3325201.36;680;0;Valley;;
1615299.535;360;0;Valley;;
3413818.928;460;0;Valley;;
5449476.932;1000;0;Valley;;
12718411.4;1090;0;Valley;;
1564434.521;363;0;Valley;;
2063442.791;314;0;Valley;;
3133083.887;578;0;Valley;;
551343.8518;260;0;Valley;;
18076902.65;914;0;Valley;;
1109572.488;333.3153355;0;Valley;;
43587190.6;1279.146363;0;Valley;;
37652168.48;1983.032545;0;Valley;;
27578142.32;1208.900827;0;Valley;;
3481109.912;869.9566702;0;Valley;;
16304541.38;1567.215151;0;Valley;;
11501948.84;947.518324;0;Valley;;
7511547.875;1043.302782;0;Valley;;
4817332.754;937.3675472;0;Valley;;
1533288.268;674.8376821;0;Valley;;
6123320.884;978.7670586;0;Valley;;
3981026.698;732.0437887;0;Valley;;
3525570.874;620.182768;0;Valley;;
3577554.634;422.9850303;0;Valley;;
461603.6395;349.526882;0;Valley;;
425844.0742;376.3751468;0;Valley;;
350425.2417;334.9216419;0;Valley;;
230749.2259;304.0103668;0;Valley;;
130357.9019;215.2585613;0;Valley;;
168176.7785;218.3631872;0;Valley;;
40954.22418;102.7496187;0;Valley;;
82384.26133;164.3696935;0;Valley;;
76944.46231;139.08724;0;Valley;;
144965.3089;154.6103695;0;Valley;;
895533.3819;453.7208266;0;Valley;;
1078004.865;600.9880809;0;Valley;;
469774.1975;380.7891149;0;Valley;;
143855.5645;224.2214813;0;Valley;;
80879.62173;144.7295601;0;Valley;;
98938.72245;173.6835711;0;Valley;;
120081.3149;188.1133323;0;Valley;;
467447.8084;281.1306238;0;Valley;;
245824.1737;220.6174156;0;Valley;;
190604.3976;218.1472133;0;Valley;;
37331.27489;90.5875842;0;Valley;;
178225.5715;197.2652295;0;Valley;;
317906.2663;251.0967428;0;Valley;;
288042.9992;253.6479354;0;Valley;;
202837.4953;209.8862087;0;Valley;;
126056.7816;159.186318;0;Valley;;
171268.0323;211.560007;0;Valley;;
181575.3392;201.800683;0;Valley;;
197784.2829;214.5026524;0;Valley;;
228353.9266;258.1293954;0;Valley;;
220941.9654;219.7400213;0;Valley;;
253743.2691;183.4833903;0;Valley;;
351439.7469;226.6916837;0;Valley;;
106309.7237;141.3414684;0;Valley;;
170077.7528;157.4450279;0;Valley;;
703187.1488;314.2961273;0;Valley;;
1645432.868;590.3783594;0;Valley;;
2520608.218;706.3428857;0;Valley;;
1165830.474;470.2023406;0;Valley;;
703087.8647;353.5089022;0;Valley;;
3398765.426;719.3688161;0;Valley;;
4964593.35;931.3202759;0;Valley;;
2980372.433;728.439723;0;Valley;;
8438689.876;1113.426832;0;Valley;;
26002117.14;2193.242714;0;Valley;;
1489441.139;715.9807243;0;Valley;;
479658.349;272;0;Valley;;
495329.7666;263;0;Valley;;
177554.6158;130;0;Valley;;
66373.59426;100.8058529;0;Valley;;
428465.4549;157;0;Valley;;
167807.9388;119;0;Valley;;
122687.7912;128;0;Valley;;
904274.1721;285;0;Valley;;
144165.8979;96;0;Valley;;
941219.9535;246;0;Valley;;
;124;0;Valley;;
;132;0;Valley;;
;155;0;Valley;;
;120;0;Valley;;
;105;0;Valley;;
;130;0;Valley;;
;116;0;Valley;;
;120;0;Valley;;
;111;0;Valley;;
;130;0;Valley;;
;148;0;Valley;;
;100;0;Valley;;
;162;0;Valley;;
;78;0;Valley;;
;180;0;Valley;;
;92;0;Valley;;
;162;0;Valley;;
;192;0;Valley;;
;117;0;Valley;;
;109;0;Valley;;
;64;0;Valley;;
;66;0;Valley;;
;75;0;Valley;;
;84;0;Valley;;
;78;0;Valley;;
;47;0;Valley;;
;43;0;Valley;;
;69;0;Valley;;
;66;0;Valley;;
;47;0;Valley;;
;63;0;Valley;;
;73;0;Valley;;
;120;0;Valley;;
;284.1;0;Valley;;
;367.0;0;Valley;;
;222.3;0;Valley;;
;199.2;0;Valley;;
;272.6;0;Valley;;
;220.2;0;Valley;;
;199.2;0;Valley;;
;199.2;0;Valley;;
;178.2;0;Valley;;
;296.7;0;Valley;;
;195.0;0;Valley;;
;230.7;0;Valley;;
;199.2;0;Valley;;
;209.7;0;Valley;;
;166.7;0;Valley;;
;272.6;0;Valley;;
;167.8;0;Valley;;
;304.1;0;Valley;;
;220.2;0;Valley;;
;167.8;0;Valley;;
;178.2;0;Valley;;
;167.8;0;Valley;;
;220.2;0;Valley;;
;131.1;0;Valley;;
;157.3;0;Valley;;
;120.6;0;Valley;;
;227.5;0;Valley;;
;136.3;0;Valley;;
;208.7;0;Valley;;
;131.1;0;Valley;;
;157.3;0;Valley;;
;167.8;0;Valley;;
;204.5;0;Valley;;
;220.2;0;Valley;;
;143.6;0;Valley;;
;229.6;0;Valley;;
;167.8;0;Valley;;
;195.0;0;Valley;;
;190.8;0;Valley;;
;204.5;0;Valley;;
;192.9;0;Valley;;
;167.8;0;Valley;;
;162.5;0;Valley;;
;200;0;Valley;;
;130;0;Valley;;
;180;0;Valley;;
;100;0;Valley;;
;145;0;Valley;;
;200;0;Valley;;
;180;0;Valley;;
;220;0;Valley;;
;190;0;Valley;;
;150;0;Valley;;
;220;0;Valley;;
;150;0;Valley;;
;220;0;Valley;;
;210;0;Valley;;
;190;0;Valley;;
;380;0;Valley;;
;330;0;Valley;;
;260;0;Valley;;
;330;0;Valley;;
;340;0;Valley;;
;350;0;Valley;;
;320;0;Valley;;
;380;0;Valley;;
;360;0;Valley;;
;340;0;Valley;;
;330;0;Valley;;
;350;0;Valley;;
;150;0;Valley;;
;270;0;Valley;;
;300;0;Valley;;
;140;0;Valley;;
;166;0;Valley;;
;228;0;Valley;;
;279;0;Valley;;
;279;0;Valley;;
;166;0;Valley;;
;290;0;Valley;;
;155;0;Valley;;
;259;0;Valley;;
;200;0;Valley;;
;213;0;Valley;;
;225;0;Valley;;
;213;0;Valley;;
;225;0;Valley;;
;200;0;Valley;;
;200;0;Valley;;
;213;0;Valley;;
;200;0;Valley;;
;100;0;Valley;;
;111;0;Valley;;
;81;0;Valley;;
;89;0;Valley;;
;85;0;Valley;;
;72;0;Valley;;
;89;0;Valley;;
;89;0;Valley;;
;91;0;Valley;;
;81;0;Valley;;
;70;0;Valley;;
;71;0;Valley;;
;77;0;Valley;;
;26;0;Valley;;
;60;0;Valley;;
;50;0;Valley;;
;49;0;Valley;;
;54;0;Valley;;
;38;0;Valley;;
;77;0;Valley;;
;72;0;Valley;;
;77;0;Valley;;
;68;0;Valley;;
;68;0;Valley;;
;94;0;Valley;;
;230;0;Valley;;
;315;0;Valley;;
;153;0;Valley;;
;119;0;Valley;;
;136;0;Valley;;
;153;0;Valley;;
;77;0;Valley;;
;68;0;Valley;;
;94;0;Valley;;
;60;0;Valley;;
;68;0;Valley;;
;68;0;Valley;;
;60;0;Valley;;
;77;0;Valley;;
;166.5;0;Valley;;
;176.25;0;Valley;;
;129.75;0;Valley;;
;138.75;0;Valley;;
;168.75;0;Valley;;
;155.25;0;Valley;;
;130.5;0;Valley;;
;211.5;0;Valley;;
;203.25;0;Valley;;
;243.75;0;Valley;;
;229.5;0;Valley;;
;205.5;0;Valley;;
;113.25;0;Valley;;
;135;0;Valley;;
;216.75;0;Valley;;
;163.5;0;Valley;;
;120.75;0;Valley;;
;114;0;Valley;;
;135;0;Valley;;
;150.75;0;Valley;;
;135;0;Valley;;
;157.5;0;Valley;;
;112.5;0;Valley;;
;94.5;0;Valley;;
;129;0;Valley;;
;124.5;0;Valley;;
;163.2;0;Valley;;
;162.4;0;Valley;;
;208.2;0;Valley;;
;238.7;0;Valley;;
;178.4;0;Valley;;
;93.0;0;Valley;;
;100.7;0;Valley;;
;112.7;0;Valley;;
;155.4;0;Valley;;
;146.7;0;Valley;;
;159.8;0;Valley;;
;142.3;0;Valley;;
;146.7;0;Valley;;
;156.5;0;Valley;;
;147.8;0;Valley;;
;146.7;0;Valley;;
;129.2;0;Valley;;
;140.1;0;Valley;;
;145.6;0;Valley;;
;155.4;0;Valley;;
;133.2;0;Valley;;
;138.6;0;Valley;;
;122.4;0;Valley;;
;83.4;0;Valley;;
;120.2;0;Valley;;
;97.5;0;Valley;;
;94.2;0;Valley;;
;96.4;0;Valley;;
;75.8;0;Valley;;
;108.3;0;Valley;;
;106.1;0;Valley;;
;75.8;0;Valley;;
;119.1;0;Valley;;
;113.7;0;Valley;;
;95.3;0;Valley;;
;94.1;0;Valley;;
;93.2;0;Valley;;
;102.3;0;Valley;;
;52.0;0;Valley;;
;74.3;0;Valley;;
;86.6;0;Valley;;
;72.6;0;Valley;;
;75.1;0;Valley;;
;73.4;0;Valley;;
;86.6;0;Valley;;
;72.6;0;Valley;;
;64.4;0;Valley;;
;89.1;0;Valley;;
;126.5;0;Valley;;
;94.3;0;Valley;;
;81.7;0;Valley;;
;89.7;0;Valley;;
;128.8;0;Valley;;
;81.7;0;Valley;;
;97.8;0;Valley;;
;81.7;0;Valley;;
;93.2;0;Valley;;
;63.3;0;Valley;;
;74.8;0;Valley;;
;120.8;0;Valley;;
;117.3;0;Valley;;
;144.9;0;Valley;;
;116.2;0;Valley;;
;177.1;0;Valley;;
;97.8;0;Valley;;
;109.3;0;Valley;;
;92.0;0;Valley;;
;141.5;0;Valley;;
;128.8;0;Valley;;
;116.2;0;Valley;;
;109.3;0;Valley;;
;118.5;0;Valley;;
;85.1;0;Valley;;
;94.3;0;Valley;;
;71.3;0;Valley;;
;154.1;0;Valley;;
;131.1;0;Valley;;
;100.4;0;Valley;;
;66.3;0;Valley;;
;87.8;0;Valley;;
;86.8;0;Valley;;
;77.0;0;Valley;;
;77.0;0;Valley;;
;80.9;0;Valley;;
;88.7;0;Valley;;
;105.1;0;Valley;;
;137.9;0;Valley;;
;98.5;0;Valley;;
;70.0;0;Valley;;
;81.0;0;Valley;;
;75.5;0;Valley;;
;101.8;0;Valley;;
;110.5;0;Valley;;
;118.2;0;Valley;;
;90.8;0;Valley;;
;83.2;0;Valley;;
;93.0;0;Valley;;
;93.0;0;Valley;;
;99.6;0;Valley;;
;131.3;0;Valley;;
;108.4;0;Valley;;
;135.7;0;Valley;;
;94.1;0;Valley;;
;101.8;0;Valley;;
;99.6;0;Valley;;
611125.9953;390.5754357;0;Valley;;
650173.6879;418.9085215;0;Valley;;
1288286.773;472.2945885;0;Valley;;
1074595.625;475.60169;0;Valley;;
584065.3493;291.5243713;0;Valley;;
28321.69431;52.3601906;0;Valley;;
204141.2527;102;0;Valley;;
140220.1523;100;0;Valley;;
289962.85;86;0;Valley;;
1176178.395;360;0;Valley;;
295503.6459;79;0;Valley;;
733226.682;91;0;Valley;;
1606547.539;250;0;Valley;;
142372.4799;107;0;Valley;;
;189;0;Valley;;
;195;0;Valley;;
;164;0;Valley;;
;109;0;Valley;;
;341;0;Valley;;
;188;0;Valley;;
;196;0;Valley;;
;126;0;Valley;;
;130;0;Valley;;
;130;0;Valley;;
;90;0;Valley;;
;130;0;Valley;;
;140;0;Valley;;
;160;0;Valley;;
;180;0;Valley;;
;140;0;Valley;;
;200;0;Valley;;
;150;0;Valley;;
;130;0;Valley;;
;120;0;Valley;;
;110;0;Valley;;
;120;0;Valley;;
;130;0;Valley;;
;130;0;Valley;;
53662.20559;81.55717236;0;Valley;;
2233244.174;371.5292307;0;Valley;;
86884.02273;85;0;Valley;;
1169371;368;0;Valley;;
654017.2888;249;0;Valley;;
88001;65;0;Valley;;
315212.6955;184;0;Valley;;
201596;87;0;Valley;;
295873.8886;108;0;Valley;;
111856;47;0;Valley;;
196209.0385;84;0;Valley;;
356156.0785;88;0;Valley;;
166372.5192;80;0;Valley;;
98744;142;0;Valley;;
65895.37617;107;0;Valley;;
271901.3442;118;0;Valley;;
106799.0928;110;0;Valley;;
92326.04466;87;0;Valley;;
137083;96;0;Valley;;
240761.2315;142;0;Valley;;
1297233.984;213;0;Valley;;
1709916.001;256;0;Valley;;
304822;192;0;Valley;;
195669.672;137.7643994;0;Valley;;
504600;241;0;Valley;;
323001.6958;167.2583454;0;Valley;;
626984.0101;221.7377806;0;Valley;;
;75.856;0;Valley;;
;78.442;0;Valley;;
;71.546;0;Valley;;
;72.408;0;Valley;;
;56.892;0;Valley;;
;81.028;0;Valley;;
;83.614;0;Valley;;
;74.994;0;Valley;;
;96.544;0;Valley;;
;90.51;0;Valley;;
;99.13;0;Valley;;
;133.61;0;Valley;;
;133.5;0;Valley;;
;155.4;0;Valley;;
;223.3;0;Valley;;
;234.2;0;Valley;;
;110.5;0;Valley;;
;110.5;0;Valley;;
;96.3;0;Valley;;
;158.7;0;Valley;;
;137.9;0;Valley;;
;125.9;0;Valley;;
;127.0;0;Valley;;
;143.4;0;Valley;;
;151.0;0;Valley;;
;172.9;0;Valley;;
;133.5;0;Valley;;
;220.0;0;Valley;;
;171.8;0;Valley;;
;154.3;0;Valley;;
;149.9;0;Valley;;
7923.231476;30;0;Valley;;
199157.4062;122;0;Valley;;
31047.20577;55;0;Valley;;
32544.90332;42;0;Valley;;
166724.4321;103;0;Valley;;
21671.44563;44;0;Valley;;
4370.540848;16;0;Valley;;
145305.0503;80;0;Valley;;
61249.79525;56;0;Valley;;
2044921.106;331;0;Valley;;
2045767.125;283;0;Valley;;
339376.7204;204;2;Channel/valley complex;;
632118.3589;350;2;Channel/valley complex;;
;725;2;Channel/valley complex;;
;849;2;Channel/valley complex;;
;994;2;Channel/valley complex;;
;1159;2;Channel/valley complex;;
;580;2;Channel/valley complex;;
;611;2;Channel/valley complex;;
;1087;2;Channel/valley complex;;
;1170;2;Channel/valley complex;;
;1097;2;Channel/valley complex;;
;1139;2;Channel/valley complex;;
;1180;2;Channel/valley complex;;
;994;2;Channel/valley complex;;
;1035;2;Channel/valley complex;;
;983;2;Channel/valley complex;;
;1004;2;Channel/valley complex;;
;466;2;Channel/valley complex;;
;445;2;Channel/valley complex;;
;528;2;Channel/valley complex;;
;942;2;Channel/valley complex;;
266245.9771;322;2;Channel/valley complex;;
57147.7715;184;2;Channel/valley complex;;
423848.863;216;2;Channel/valley complex;;
748709.3159;309.9766478;2;Channel/valley complex;;
764374.0829;186.8444852;2;Channel/valley complex;;
381393.3882;175.7218255;2;Channel/valley complex;;
374593.7852;102;2;Channel/valley complex;;
215576.9437;79;2;Channel/valley complex;;
;35;2;Channel/valley complex;;
;69;2;Channel/valley complex;;
;69;2;Channel/valley complex;;
;72;2;Channel/valley complex;;
;66;2;Channel/valley complex;;
;52;2;Channel/valley complex;;
;50;2;Channel/valley complex;;
;51;2;Channel/valley complex;;
;47;2;Channel/valley complex;;
;52;2;Channel/valley complex;;
424137.113;243.8211196;2;Channel/valley complex;;
400584.4442;195.1999784;2;Channel/valley complex;;
195544.6604;256.3746069;2;Channel/valley complex;;
471451.7324;307.8574032;2;Channel/valley complex;;
1031293.803;381.4370368;2;Channel/valley complex;;
865832.1689;562.2477491;2;Channel/valley complex;;
409894.5373;279;2;Channel/valley complex;;
367983.4032;130;2;Channel/valley complex;;
440275.1057;129;2;Channel/valley complex;;
237906.3537;219;2;Channel/valley complex;;
121720.5319;128;2;Channel/valley complex;;
116325.9929;202;2;Channel/valley complex;;
74057.91712;126;2;Channel/valley complex;;
60719.17469;113;2;Channel/valley complex;;
64716.02909;104;2;Channel/valley complex;;
61013.5104;122;2;Channel/valley complex;;
;179.25;2;Channel/valley complex;;
;159;2;Channel/valley complex;;
;141.75;2;Channel/valley complex;;
;122.25;2;Channel/valley complex;;
;69.75;2;Channel/valley complex;;
;71.25;2;Channel/valley complex;;
;120;2;Channel/valley complex;;
;109.5;2;Channel/valley complex;;
;118.5;2;Channel/valley complex;;
;65.25;2;Channel/valley complex;;
;70.5;2;Channel/valley complex;;
;117.0;2;Channel/valley complex;;
;114.8;2;Channel/valley complex;;
;132.8;2;Channel/valley complex;;
;123.0;2;Channel/valley complex;;
;103.5;2;Channel/valley complex;;
;76.5;2;Channel/valley complex;;
;129.8;2;Channel/valley complex;;
;81.8;2;Channel/valley complex;;
;43.5;2;Channel/valley complex;;
;27.8;2;Channel/valley complex;;
;33.0;2;Channel/valley complex;;
;93.75;2;Channel/valley complex;;
;78.0;2;Channel/valley complex;;
;71.3;2;Channel/valley complex;;
;56.3;2;Channel/valley complex;;
;71.3;2;Channel/valley complex;;
;48.0;2;Channel/valley complex;;
;35.3;2;Channel/valley complex;;
;119.25;2;Channel/valley complex;;
;128.3;2;Channel/valley complex;;
;121.5;2;Channel/valley complex;;
;134.3;2;Channel/valley complex;;
;135.8;2;Channel/valley complex;;
;144.8;2;Channel/valley complex;;
;144.0;2;Channel/valley complex;;
;122.3;2;Channel/valley complex;;
;141.0;2;Channel/valley complex;;
;71.3;2;Channel/valley complex;;
;67.5;2;Channel/valley complex;;
;69.8;2;Channel/valley complex;;
216596.988;575;2;Channel/valley complex;;
138123.7985;193.9446297;2;Channel/valley complex;;
;264;2;Channel/valley complex;;
;255;2;Channel/valley complex;;
;230;2;Channel/valley complex;;
;221;2;Channel/valley complex;;
;230;2;Channel/valley complex;;
;213;2;Channel/valley complex;;
;230;2;Channel/valley complex;;
;204;2;Channel/valley complex;;
;196;2;Channel/valley complex;;
;213;2;Channel/valley complex;;
;255;2;Channel/valley complex;;
;213;2;Channel/valley complex;;
;170;2;Channel/valley complex;;
;196;2;Channel/valley complex;;
;213;2;Channel/valley complex;;
;221;2;Channel/valley complex;;
;170;2;Channel/valley complex;;
;204;2;Channel/valley complex;;
;221;2;Channel/valley complex;;
;221;2;Channel/valley complex;;
;187;2;Channel/valley complex;;
;196;2;Channel/valley complex;;
;179;2;Channel/valley complex;;
;153;2;Channel/valley complex;;
;187;2;Channel/valley complex;;
;145;2;Channel/valley complex;;
;162;2;Channel/valley complex;;
;136;2;Channel/valley complex;;
;128;2;Channel/valley complex;;
;94;2;Channel/valley complex;;
;111;2;Channel/valley complex;;
;115;2;Channel/valley complex;;
;98;2;Channel/valley complex;;
;94;2;Channel/valley complex;;
;136;2;Channel/valley complex;;
;68;2;Channel/valley complex;;
;60;2;Channel/valley complex;;
;55;2;Channel/valley complex;;
;50;1;Channel;;
;24.998;1;Channel;;
;22.412;1;Channel;;
;38.79;1;Channel;;
;32.756;1;Channel;;
;27.584;1;Channel;;
;28.446;1;Channel;;
;25.86;1;Channel;;
;32.756;1;Channel;;
;37.066;1;Channel;;
;30.17;1;Channel;;
;24.136;1;Channel;;
;32.756;1;Channel;;
;17;1;Channel;;
;18;1;Channel;;
;23.274;1;Channel;;
;15.516;1;Channel;;
;16.378;1;Channel;;
;23.274;1;Channel;;
;17.24;1;Channel;;
;22.412;1;Channel;;
;18.102;1;Channel;;
;21.55;1;Channel;;
;23.274;1;Channel;;
;29.308;1;Channel;;
;29.308;1;Channel;;
;27.584;1;Channel;;
;17.24;1;Channel;;
;16.378;1;Channel;;
;28.446;1;Channel;;
;26.722;1;Channel;;
;19.826;1;Channel;;
;52.80;1;Channel;;
;52.80;1;Channel;;
;56.76;1;Channel;;
;47.52;1;Channel;;
;90;1;Channel;;
;90.9;1;Channel;;
;88.2;1;Channel;;
;94.5;1;Channel;;
;99;1;Channel;;
;90;1;Channel;;
;89.1;1;Channel;;
;94.5;1;Channel;;
;97.2;1;Channel;;
;102.6;1;Channel;;
;101.7;1;Channel;;
;103.5;1;Channel;;
;101.7;1;Channel;;
;270;1;Channel;;
;252;1;Channel;;
;252;1;Channel;;
;234;1;Channel;;
;243;1;Channel;;
;270;1;Channel;;
;265.5;1;Channel;;
;256.5;1;Channel;;
;270;1;Channel;;
;261;1;Channel;;
;265.5;1;Channel;;
;261;1;Channel;;
;243;1;Channel;;
;27;1;Channel;;
;31.5;1;Channel;;
;27;1;Channel;;
;31.5;1;Channel;;
;28.8;1;Channel;;
;31.5;1;Channel;;
;36;1;Channel;;
;31.5;1;Channel;;
;31.5;1;Channel;;
;33.3;1;Channel;;
;36;1;Channel;;
;31.5;1;Channel;;
;32.4;1;Channel;;
;39.652;1;Channel;;
;43.1;1;Channel;;
;39.652;1;Channel;;
;33.618;1;Channel;;
;31.032;1;Channel;;
;29.308;1;Channel;;
;31.032;1;Channel;;
;60.34;1;Channel;;
;68.96;1;Channel;;
;70.684;1;Channel;;
;61.202;1;Channel;;
;77.58;1;Channel;;
;66.374;1;Channel;;
;57.754;1;Channel;;
;71.546;1;Channel;;
;16.378;1;Channel;;
;31.894;1;Channel;;
;44.824;1;Channel;;
;18.964;1;Channel;;
;23.274;1;Channel;;
;47.06;1;Channel;;
;48.87;1;Channel;;
;47.97;1;Channel;;
;47.97;1;Channel;;
;56.11;1;Channel;;
;58.83;1;Channel;;
;49.78;1;Channel;;
;51.59;1;Channel;;
;49.78;1;Channel;;
;51.59;1;Channel;;
;47.06;1;Channel;;
;55.21;1;Channel;;
;52.49;1;Channel;;
;42.238;1;Channel;;
;30;1;Channel;;
;34;1;Channel;;
;28;1;Channel;;
;67.9;1;Channel;;
;87.8;1;Channel;;
;62.4;1;Channel;;
;67.9;1;Channel;;
;85.1;1;Channel;;
;60.6;1;Channel;;
;74.2;1;Channel;;
;58.8;1;Channel;;
;50.7;1;Channel;;
;57.9;1;Channel;;
;61.5;1;Channel;;
;79.6;1;Channel;;
;59.2;1;Channel;;
;67.2;1;Channel;;
;54.4;1;Channel;;
;52;1;Channel;;
;44.8;1;Channel;;
;74.4;1;Channel;;
;80.8;1;Channel;;
;92;1;Channel;;
;56.8;1;Channel;;
;60;1;Channel;;
63571.22827;78.16233144;1;Channel;;
128025.5183;82.2995829;1;Channel;;
266226.5722;317;1;Channel;;
88497.9131;183;1;Channel;;
22863.10985;99;1;Channel;;
6310.124591;44.08568767;1;Channel;;
;33.0;1;Channel;;
;29.0;1;Channel;;
;26.4;1;Channel;;
;31.7;1;Channel;;
;31.7;1;Channel;;
;42.2;1;Channel;;
;50.2;1;Channel;;
;54.1;1;Channel;;
;55.4;1;Channel;;
;52.8;1;Channel;;
;34.3;1;Channel;;
;38.3;1;Channel;;
;34.3;1;Channel;;
;35.6;1;Channel;;
;44.88;1;Channel;;
;50.16;1;Channel;;
;36.96;1;Channel;;
;33;1;Channel;;
;40.92;1;Channel;;
;44.88;1;Channel;;
;52.8;1;Channel;;
;44.88;1;Channel;;
;44.88;1;Channel;;
;25.08;1;Channel;;
;38.28;1;Channel;;
;44.9;1;Channel;;
;37.0;1;Channel;;
;39.6;1;Channel;;
;53.444;1;Channel;;
;46.548;1;Channel;;
;49.996;1;Channel;;
;57.754;1;Channel;;
;43.1;1;Channel;;
;37.928;1;Channel;;
;40.514;1;Channel;;
;60.34;1;Channel;;
;42.238;1;Channel;;
;43.962;1;Channel;;
;52.582;1;Channel;;
;56.892;1;Channel;;
;60.34;1;Channel;;
;62.064;1;Channel;;
;55.81;1;Channel;;
;59.23;1;Channel;;
;70.62;1;Channel;;
;64.92;1;Channel;;
;59.23;1;Channel;;
;47.84;1;Channel;;
;44.42;1;Channel;;
;52.76;1;Channel;;
;61.35;1;Channel;;
;58.90;1;Channel;;
;56.44;1;Channel;;
;84.66;1;Channel;;
;50.00;1;Channel;;
;62.58;1;Channel;;
38526.56501;51;1;Channel;;
;50;1;Channel;;
238614.5341;301.3376888;1;Channel;;
235508.5946;300.4602945;1;Channel;;
208780.8391;279.3083433;1;Channel;;
149781.708;285.8820512;1;Channel;;
196791.5149;301.5806595;1;Channel;;
198249.9288;304.4963082;1;Channel;;
196051.1022;271.9382314;1;Channel;;
208305.7914;277.162102;1;Channel;;
268151.0875;229.9717884;1;Channel;;
242623.9607;249.7469055;1;Channel;;
138831.7238;141.0984976;1;Channel;;
70734.76971;98.5651229;1;Channel;;
74338.76957;126.0883064;1;Channel;;
312448.8844;286;1;Channel;;
108778.6708;136;1;Channel;;
219845.2305;220.8738847;1;Channel;;
235214.0767;192.4598086;1;Channel;;
230030.2225;197.5891905;1;Channel;;
64595.33578;133.6608939;1;Channel;;
74394.32421;112.1714833;1;Channel;;
69320.13991;99.41552043;1;Channel;;
233831.2965;223.2495984;1;Channel;;
224307.6397;213.8412321;1;Channel;;
186802.7953;256.9010434;1;Channel;;
423174.5547;347.4751292;1;Channel;;
65932.21824;122.7542081;1;Channel;;
79621.87136;140.8150318;1;Channel;;
171759.6425;201.3552367;1;Channel;;
151262.4604;210.4666388;1;Channel;;
332508.4621;239.4611449;1;Channel;;
3706.964518;24;1;Channel;;
37384.93458;71;1;Channel;;
7624.176633;42;1;Channel;;
1442.908184;13;1;Channel;;
10837.32623;50;1;Channel;;
52087.70818;100;1;Channel;;
2418.23912;45;1;Channel;;
1912.416816;15;1;Channel;;
3070.044937;17;1;Channel;;
9265.088167;33;1;Channel;;
13575.70143;57;1;Channel;;
5826.422105;27;1;Channel;;
7174.200493;53;1;Channel;;
5209.326546;22;1;Channel;;
10679.79085;38;1;Channel;;
2778.496986;30;1;Channel;;
4836.532903;15;1;Channel;;
29154.88628;79;1;Channel;;
;57;1;Channel;;
5990.699108;29;1;Channel;;
19715.11715;78;1;Channel;;
3211.455078;26;1;Channel;;
;40.5;1;Channel;;
;39.6;1;Channel;;
;41.4;1;Channel;;
;35.1;1;Channel;;
;38.7;1;Channel;;
;49.05;1;Channel;;
;43.2;1;Channel;;
;39.6;1;Channel;;
;37.8;1;Channel;;
;41.4;1;Channel;;
;41.4;1;Channel;;
;37.8;1;Channel;;
;43.2;1;Channel;;
;19.89;1;Channel;;
;18.9;1;Channel;;
;19.08;1;Channel;;
;18.72;1;Channel;;
;19.35;1;Channel;;
;18.9;1;Channel;;
;18.54;1;Channel;;
;18.81;1;Channel;;
;18.72;1;Channel;;
;18.9;1;Channel;;
;18.72;1;Channel;;
;18.63;1;Channel;;
;18.54;1;Channel;;
;46.98;1;Channel;;
;47.7;1;Channel;;
;46.8;1;Channel;;
;47.7;1;Channel;;
;48.42;1;Channel;;
;47.7;1;Channel;;
;48.6;1;Channel;;
;48.96;1;Channel;;
;48.96;1;Channel;;
;48.87;1;Channel;;
;48.87;1;Channel;;
;48.87;1;Channel;;
;48.96;1;Channel;;
;33.57;1;Channel;;
;33.57;1;Channel;;
;30.6;1;Channel;;
;29.61;1;Channel;;
;29.61;1;Channel;;
;32.4;1;Channel;;
;32.4;1;Channel;;
;33.3;1;Channel;;
;36;1;Channel;;
;40.32;1;Channel;;
;36;1;Channel;;
;35.1;1;Channel;;
;36.27;1;Channel;;
;47.7;1;Channel;;
;47.7;1;Channel;;
;45;1;Channel;;
;46.8;1;Channel;;
;44.55;1;Channel;;
;44.55;1;Channel;;
;45;1;Channel;;
;45.9;1;Channel;;
;44.1;1;Channel;;
;45;1;Channel;;
;45;1;Channel;;
;46.35;1;Channel;;
;46.35;1;Channel;;
;28.8;1;Channel;;
;29.7;1;Channel;;
;27.9;1;Channel;;
;27.9;1;Channel;;
;26.1;1;Channel;;
;27;1;Channel;;
;27.9;1;Channel;;
;26.1;1;Channel;;
;27;1;Channel;;
;26.1;1;Channel;;
;32.4;1;Channel;;
;31.5;1;Channel;;
;31.5;1;Channel;;
;36.96;1;Channel;;
;36.96;1;Channel;;
;51.48;1;Channel;;
;39.6;1;Channel;;
;33;1;Channel;;
;18.48;1;Channel;;
;36.96;1;Channel;;
;27.72;1;Channel;;
;22.44;1;Channel;;
;27.72;1;Channel;;
;30.36;1;Channel;;
;30.36;1;Channel;;
;25.08;1;Channel;;
;25.08;1;Channel;;
;29.04;1;Channel;;
;26.4;1;Channel;;
;25.08;1;Channel;;
;21.12;1;Channel;;
17132.80145;44;1;Channel;;
43157.71522;71;1;Channel;;
18918.23885;36;1;Channel;;
810.6530794;10;1;Channel;;
58306.07379;45;1;Channel;;
16687.98174;32;1;Channel;;
2469.329706;12;1;Channel;;
724.5060439;10;1;Channel;;
3456.57692;20;1;Channel;;
3232.590983;14;1;Channel;;
;45;1;Channel;;
;45;1;Channel;;
;45;1;Channel;;
;45;1;Channel;;
;13.792;1;Channel;;
;18;1;Channel;;
;33.5;1;Channel;;
;35.3;1;Channel;;
;26.2;1;Channel;;
;25.3;1;Channel;;
;28.1;1;Channel;;
;31.7;1;Channel;;
;39.8;1;Channel;;
;38.0;1;Channel;;
;43.4;1;Channel;;
;29.0;1;Channel;;
;42.5;1;Channel;;
;37.1;1;Channel;;
;23.4;1;Channel;;
;26.1;1;Channel;;
;24.3;1;Channel;;
;23.4;1;Channel;;
;22.5;1;Channel;;
;23.4;1;Channel;;
;23.4;1;Channel;;
;22.5;1;Channel;;
;25.2;1;Channel;;
;21.6;1;Channel;;
;24.3;1;Channel;;
;23.4;1;Channel;;
;24.3;1;Channel;;
;28.8;1;Channel;;
;31.5;1;Channel;;
;29.7;1;Channel;;
;31.5;1;Channel;;
;30.6;1;Channel;;
;26.1;1;Channel;;
;29.7;1;Channel;;
;30.6;1;Channel;;
;27;1;Channel;;
;29.7;1;Channel;;
;32.4;1;Channel;;
;31.5;1;Channel;;
;27.9;1;Channel;;
;12.6;1;Channel;;
;13.5;1;Channel;;
;11.7;1;Channel;;
;10.8;1;Channel;;
;11.7;1;Channel;;
;12.6;1;Channel;;
;11.7;1;Channel;;
;12.6;1;Channel;;
;13.5;1;Channel;;
;11.7;1;Channel;;
;12.6;1;Channel;;
;12.6;1;Channel;;
;11.7;1;Channel;;
;72;1;Channel;;
;67.5;1;Channel;;
;72.9;1;Channel;;
;69.3;1;Channel;;
;67.5;1;Channel;;
;72.9;1;Channel;;
;73.8;1;Channel;;
;74.7;1;Channel;;
;75.6;1;Channel;;
;72.9;1;Channel;;
;72;1;Channel;;
;71.1;1;Channel;;
;72.9;1;Channel;;
;17.1;1;Channel;;
;18;1;Channel;;
;16.2;1;Channel;;
;17.1;1;Channel;;
;14.4;1;Channel;;
;15.3;1;Channel;;
;16.2;1;Channel;;
;16.2;1;Channel;;
;15.3;1;Channel;;
;14.4;1;Channel;;
;16.2;1;Channel;;
;17.1;1;Channel;;
;16.2;1;Channel;;
;13.5;1;Channel;;
;12.6;1;Channel;;
;12.6;1;Channel;;
;13.05;1;Channel;;
;14.4;1;Channel;;
;12.6;1;Channel;;
;13.5;1;Channel;;
;14.4;1;Channel;;
;13.5;1;Channel;;
;12.6;1;Channel;;
;12.6;1;Channel;;
;14.4;1;Channel;;
;13.5;1;Channel;;
;20.25;1;Channel;;
;20.7;1;Channel;;
;20.7;1;Channel;;
;21.6;1;Channel;;
;20.25;1;Channel;;
;20.7;1;Channel;;
;22.5;1;Channel;;
;20.7;1;Channel;;
;21.6;1;Channel;;
;22.5;1;Channel;;
;21.6;1;Channel;;
;22.5;1;Channel;;
;19.8;1;Channel;;
;12.6;1;Channel;;
;11.7;1;Channel;;
;11.7;1;Channel;;
;11.25;1;Channel;;
;10.8;1;Channel;;
;11.7;1;Channel;;
;13.5;1;Channel;;
;12.6;1;Channel;;
;11.7;1;Channel;;
;10.8;1;Channel;;
;10.8;1;Channel;;
;12.6;1;Channel;;
;11.7;1;Channel;;
;32.13;1;Channel;;
;33.3;1;Channel;;
;32.4;1;Channel;;
;31.5;1;Channel;;
;30.6;1;Channel;;
;31.5;1;Channel;;
;29.7;1;Channel;;
;30.6;1;Channel;;
;31.5;1;Channel;;
;27.9;1;Channel;;
;26.1;1;Channel;;
;27;1;Channel;;
;26.1;1;Channel;;
;37;1;Channel;;
;35;1;Channel;;
;26;1;Channel;;
;25;1;Channel;;
;34;1;Channel;;
;30;1;Channel;;
;47;1;Channel;;
;33;1;Channel;;
;28;1;Channel;;
;20;1;Channel;;
10335.69466;42.93832593;1;Channel;;
20133.91783;50.76738253;1;Channel;;
21293.0947;52.42768246;1;Channel;;
13421.50043;48.37817043;1;Channel;;
11633.20239;42.23641051;1;Channel;;
18175.18422;43.62674298;1;Channel;;
16025.49865;44.49063888;1;Channel;;
6280.898735;26;1;Channel;;
4330.200421;17;1;Channel;;
;103.1;1;Channel;;
;100.7;1;Channel;;
;80.0;1;Channel;;
;68.5;1;Channel;;
;93.2;1;Channel;;
;75.9;1;Channel;;
;68.0;1;Channel;;
;75.6;1;Channel;;
;75.6;1;Channel;;
;63.0;1;Channel;;
;63.8;1;Channel;;
;63.8;1;Channel;;
;58.8;1;Channel;;
;57.1;1;Channel;;
;67.2;1;Channel;;
;63.8;1;Channel;;
;45.4;1;Channel;;
;77.3;1;Channel;;
;75.6;1;Channel;;
15733.31297;30;1;Channel;;
27572.49934;74;1;Channel;;
11310.60653;41;1;Channel;;
117911.1129;96;1;Channel;;
41281.75784;68;1;Channel;;