Width (km);Thickness (max m);Attached;Fan;Architectural type;Equation;;;;
14.45;109.00;1;;Fan;T = 5.74W^(0.79). R2 = 0.80;;;;
14.82;101.00;1;;Fan-element;;;;;
21.71;106.00;1;;;;;;;
12.56;98.00;1;;;;;;;
27.99;120.00;1;;;;;;;
32.13;133.00;1;;;;;;;
15.91;99.00;1;;;;;;;
14.08;23.00;1;;;;;;;
40.06;63.00;1;;;;;;;
20.97;93.00;1;;;;;;;
32.62;91.00;1;;;;;;;
25.79;68.00;1;;;;;;;
28.41;101.00;1;;;;;;;
19.21;85.00;1;;;;;;;
16.71;93.00;1;;;;;;;
28.96;57.00;1;;;;;;;
51.00;173.00;1;;;;;;;
28.72;87.00;1;;;;;;;
15.06;87.00;1;;;;;;;
8.00;37.00;1;;;;;;;
26.77;82.00;1;;;;;;;
24.39;99.00;1;;;;;;;
16.64;43.00;1;;;;;;;
25.30;82.00;1;;;;;;;
11.89;58.00;1;;;;;;;
38.65;89.00;1;;;;;;;
30.36;101.00;1;;;;;;;
15.79;91.00;1;;;;;;;
24.27;82.00;1;;;;;;;
31.00;68.00;1;;;;;;;
58.00;197.00;1;;;;;;;
30.24;84.00;1;;;;;;;
15.79;126.00;1;;;;;;;
21.64;30.00;1;;;;;;;
16.58;45.00;1;;;;;;;
10.49;53.00;1;;;;;;;
22.68;78.00;1;;;;;;;
19.08;122.00;1;;;;;;;
18.90;49.00;1;;;;;;;
39.08;112.00;1;;;;;;;
30.97;30.00;1;;;;;;;
13.11;86.00;1;;;;;;;
21.58;109.00;1;;;;;;;
21.16;50.00;1;;;;;;;
19.02;47.00;1;;;;;;;
59.51;30.00;1;;;;;;;
21.03;81.00;1;;;;;;;
24.02;57.00;1;;;;;;;
74.38;;1;;;;;;;
60.36;;1;;;;;;;
46.40;;1;;;;;;;
85.05;;1;;;;;;;
78.04;;1;;;;;;;
49.26;;1;;;;;;;
18.72;;1;;;;;;;
12.74;;1;;;;;;;
45.12;;1;;;;;;;
30.24;;1;;;;;;;
34.14;;1;;;;;;;
53.35;;1;;;;;;;
9.15;40.00;1;;;;;;;
3.54;40.00;1;;;;;;;
4.08;40.00;1;;;;;;;
4.76;40.00;1;;;;;;;
11.28;40.00;1;;;;;;;
5.61;40.00;1;;;;;;;
2.56;40.00;1;;;;;;;
0.61;;1;;;;;;;
0.43;;1;;;;;;;
0.55;;1;;;;;;;
0.43;;1;;;;;;;
0.55;;1;;;;;;;
0.79;;1;;;;;;;
1.10;;1;;;;;;;
1.40;;1;;;;;;;
1.10;;1;;;;;;;
0.37;;1;;;;;;;
1.10;;1;;;;;;;
1.40;;1;;;;;;;
0.55;;1;;;;;;;
0.79;;1;;;;;;;
0.30;;1;;;;;;;
0.37;;1;;;;;;;
0.49;;1;;;;;;;
1.28;;1;;;;;;;
2.19;;1;;;;;;;
0.91;;1;;;;;;;
0.91;;1;;;;;;;
17.25;25.00;1;;;;;;;
13.29;15.00;1;;;;;;;
14.39;20.00;1;;;;;;;
6.65;10.00;1;;;;;;;
14.15;;1;;;;;;;
17.07;;1;;;;;;;
11.46;;1;;;;;;;
20.12;;1;;;;;;;
16.52;15.00;1;;;;;;;
13.78;;1;;;;;;;
21.34;;1;;;;;;;
5.73;;1;;;;;;;
12.80;10.00;1;;;;;;;
15.43;10.00;1;;;;;;;
9.02;10.00;1;;;;;;;
10.73;10.00;1;;;;;;;
20.00;50.00;1;;;;;;;
7.35;40.40;1;;;;;;;
6.55;24.00;1;;;;;;;
6.95;27.20;1;;;;;;;
4.65;37.40;1;;;;;;;
5.25;20.00;1;;;;;;;
2.85;20.00;1;;;;;;;
3.35;20.00;1;;;;;;;
3.75;25.00;1;;;;;;;
5.15;29.20;1;;;;;;;
3.75;25.00;1;;;;;;;
2.65;14.40;1;;;;;;;
3.65;19.60;1;;;;;;;
2.15;15.60;1;;;;;;;
2.45;19.60;1;;;;;;;
1.45;12.80;1;;;;;;;
0.95;9.80;1;;;;;;;
1.75;8.80;1;;;;;;;
2.55;9.20;1;;;;;;;
45.91;50.00;1;;;;;;;
21.60;170.00;1;;;;;;;
5.00;25.80;1;;;;;;;
4.00;33.90;1;;;;;;;
5.00;26.70;1;;;;;;;
2.50;42.00;1;;;;;;;
6.00;46.80;1;;;;;;;
4.70;42.80;1;;;;;;;
5.00;33.90;1;;;;;;;
3.00;34.70;1;;;;;;;
7.00;46.00;1;;;;;;;
1.80;33.10;1;;;;;;;
2.50;31.50;1;;;;;;;
1.40;21.80;1;;;;;;;
4.50;34.70;1;;;;;;;
4.00;29.10;1;;;;;;;
4.00;29.10;1;;;;;;;
2.50;28.30;1;;;;;;;
2.00;33.10;1;;;;;;;
2.70;35.50;1;;;;;;;
26.00;54.00;1;;;;;;;
2.16;;1;;;;;;;
1.42;;1;;;;;;;
1.28;;1;;;;;;;
1.14;;1;;;;;;;
0.91;;1;;;;;;;
1.76;;1;;;;;;;
0.71;;1;;;;;;;
0.90;;1;;;;;;;
1.29;;1;;;;;;;
1.78;;1;;;;;;;
1.45;;1;;;;;;;
2.03;;1;;;;;;;
3.12;;1;;;;;;;
2.61;;1;;;;;;;
2.50;;1;;;;;;;
2.28;;1;;;;;;;
2.09;;1;;;;;;;
1.26;;1;;;;;;;
2.61;;1;;;;;;;
0.90;;1;;;;;;;
1.34;;1;;;;;;;
2.61;;1;;;;;;;
0.98;;1;;;;;;;
1.12;;1;;;;;;;
1.87;;1;;;;;;;
0.86;;1;;;;;;;
1.13;;1;;;;;;;
2.70;;1;;;;;;;
0.79;;1;;;;;;;
1.53;;1;;;;;;;
1.24;;1;;;;;;;
3.01;;1;;;;;;;
1.66;;1;;;;;;;
1.65;;1;;;;;;;
2.09;;1;;;;;;;
1.84;;1;;;;;;;
1.73;;1;;;;;;;
0.98;;1;;;;;;;
2.32;;1;;;;;;;
0.65;;1;;;;;;;
1.16;;1;;;;;;;
0.92;;1;;;;;;;
3.35;;1;;;;;;;
2.44;;1;;;;;;;
2.48;;1;;;;;;;
0.60;;1;;;;;;;
1.64;;1;;;;;;;
1.78;;1;;;;;;;
1.21;;1;;;;;;;
0.53;;1;;;;;;;
0.51;;1;;;;;;;
1.44;;1;;;;;;;
0.56;;1;;;;;;;
0.83;;1;;;;;;;
2.85;;1;;;;;;;
2.51;;1;;;;;;;
0.49;;1;;;;;;;
2.60;;1;;;;;;;
0.98;;1;;;;;;;
1.52;;1;;;;;;;
0.89;;1;;;;;;;
1.61;;1;;;;;;;
1.73;;1;;;;;;;
0.97;;1;;;;;;;
1.63;;1;;;;;;;
0.71;;1;;;;;;;
0.83;;1;;;;;;;
0.39;;1;;;;;;;
0.40;;1;;;;;;;
1.17;;1;;;;;;;
1.36;;1;;;;;;;
1.18;;1;;;;;;;
1.82;;1;;;;;;;
2.11;;1;;;;;;;
3.95;;1;;;;;;;
0.65;;1;;;;;;;
2.18;;1;;;;;;;
5.26;;1;;;;;;;
3.67;;1;;;;;;;
5.33;;1;;;;;;;
3.84;;1;;;;;;;
2.57;;1;;;;;;;
5.96;;1;;;;;;;
2.68;;1;;;;;;;
2.16;;1;;;;;;;
3.96;;1;;;;;;;
4.47;;1;;;;;;;
3.17;;1;;;;;;;
4.98;;1;;;;;;;
2.53;;1;;;;;;;
2.70;;1;;;;;;;
2.65;;1;;;;;;;
2.63;;1;;;;;;;
5.19;;1;;;;;;;
4.77;;1;;;;;;;
4.67;;1;;;;;;;
3.40;;1;;;;;;;
1.77;;1;;;;;;;
1.84;;1;;;;;;;
3.39;;1;;;;;;;
1.36;;1;;;;;;;
1.50;;1;;;;;;;
3.33;;1;;;;;;;
4.69;;1;;;;;;;
3.71;;1;;;;;;;
2.84;;1;;;;;;;
3.03;;1;;;;;;;
2.10;;1;;;;;;;
2.45;;1;;;;;;;
2.43;;1;;;;;;;
2.21;;1;;;;;;;
2.24;;1;;;;;;;
2.20;;1;;;;;;;
1.73;;1;;;;;;;
1.79;;1;;;;;;;
4.51;;1;;;;;;;
3.53;;1;;;;;;;
3.20;;1;;;;;;;
3.04;;1;;;;;;;
2.06;;1;;;;;;;
1.38;;1;;;;;;;
1.14;;1;;;;;;;
2.61;;1;;;;;;;
4.04;;1;;;;;;;
2.67;;1;;;;;;;
8.20;;1;;;;;;;
1.61;;1;;;;;;;
1.18;;1;;;;;;;
3.68;;1;;;;;;;
1.52;;1;;;;;;;
3.31;;1;;;;;;;
2.07;;1;;;;;;;
1.44;;1;;;;;;;
6.51;;1;;;;;;;
2.00;;1;;;;;;;
3.78;;1;;;;;;;
2.10;;1;;;;;;;
9.35;;1;;;;;;;
10.33;;1;;;;;;;
11.78;;1;;;;;;;
8.44;;1;;;;;;;
7.07;;1;;;;;;;
9.15;;1;;;;;;;
9.30;;1;;;;;;;
6.95;;1;;;;;;;
5.09;;1;;;;;;;
3.16;;1;;;;;;;
7.09;;1;;;;;;;
7.02;;1;;;;;;;
6.43;;1;;;;;;;
13.98;;1;;;;;;;
3.14;;1;;;;;;;
1.92;;1;;;;;;;
6.20;;1;;;;;;;
8.20;;1;;;;;;;
6.31;;1;;;;;;;
4.63;;1;;;;;;;
3.68;;1;;;;;;;
14.09;;1;;;;;;;
11.66;;1;;;;;;;
11.66;;1;;;;;;;
19.15;;1;;;;;;;
20.04;;1;;;;;;;
17.66;;1;;;;;;;
14.85;;1;;;;;;;
13.88;;1;;;;;;;
12.83;;1;;;;;;;
6.31;;1;;;;;;;
2.15;;1;;;;;;;
1.66;;1;;;;;;;
1.37;;1;;;;;;;
5.22;;1;;;;;;;
40.50;95.00;1;;;;;;;
30.38;135.00;1;;;;;;;
5.65;30.00;1;;;;;;;
4.99;125.00;1;;;;;;;
6.32;30.00;1;;;;;;;
7.52;7.00;1;;;;;;;
7.61;7.00;1;;;;;;;
7.21;;1;;;;;;;
7.03;;1;;;;;;;
7.28;;1;;;;;;;
3.04;;1;;;;;;;
5.35;;1;;;;;;;
2.51;;1;;;;;;;
2.04;;1;;;;;;;
2.34;;1;;;;;;;
6.16;;1;;;;;;;
1.63;;1;;;;;;;
1.63;;1;;;;;;;
1.49;;1;;;;;;;
1.69;;1;;;;;;;
1.39;;1;;;;;;;
1.98;;1;;;;;;;
2.29;;1;;;;;;;
6.79;;1;;;;;;;
5.33;;1;;;;;;;
2.54;;1;;;;;;;
4.59;;1;;;;;;;
2.36;;1;;;;;;;
4.75;;1;;;;;;;
3.19;;1;;;;;;;
2.61;;1;;;;;;;
3.56;;1;;;;;;;
4.16;;1;;;;;;;
3.87;;1;;;;;;;
2.81;;1;;;;;;;
3.75;;1;;;;;;;
4.73;;1;;;;;;;
6.10;210.00;1;;;;;;;
4.85;170.00;1;;;;;;;
5.06;160.00;1;;;;;;;
7.63;;1;;;;;;;
6.35;;1;;;;;;;
22.95;60.00;1;;;;;;;
10.13;9.00;1;;;;;;;
7.43;3.00;1;;;;;;;
13.50;9.00;1;;;;;;;
14.18;10.00;1;;;;;;;
13.50;7.00;0;;;;;;;
600.00;4200;0;;;;;;;
232.00;;0;;;;;;;
130.00;2200;0;;;;;;;
475.00;;0;;;;;;;
1430.00;5000;0;;;;;;;
18.90;;0;;;;;;;
50.00;240;0;;;;;;;
41.00;280;0;;;;;;;
120.00;;0;;;;;;;
18.00;;0;;;;;;;
22.80;300;0;;;;;;;
196.00;;0;;;;;;;
100.00;;0;;;;;;;
6.00;;0;;;;;;;
29.00;;0;;;;;;;
55.00;;0;;;;;;;
19.00;;0;;;;;;;
26.00;;0;;;;;;;
22.00;;0;;;;;;;
150.00;;0;;;;;;;
280.00;3000;0;;;;;;;
14.00;;0;;;;;;;
60.00;370;0;;;;;;;
12.40;;0;;;;;;;
20.00;;0;;;;;;;
34.43;130;0;;;;;;;
58.00;250;0;;;;;;;
16.88;;0;;;;;;;
20.93;40;0;;;;;;;
39.00;;0;;;;;;;
28.00;;0;;;;;;;
960.00;3000;0;;;;;;;
10.00;85;0;;;;;;;
20.00;;0;;;;;;;
260.00;;0;;;;;;;
;300;0;;;;;;;
360.00;;0;;;;;;;
130.00;;0;;;;;;;
240.00;;0;;;;;;;
40.50;10;0;;;;;;;
570.00;4000;0;;;;;;;
450.00;;0;;;;;;;
660.00;;0;;;;;;;
30.00;900;0;;;;;;;
14.00;;0;;;;;;;
550.00;;0;;;;;;;
685.00;3000;0;;;;;;;
210.00;1000;0;;;;;;;
20.00;;0;;;;;;;
60.00;;0;;;;;;;
40.00;115;0;;;;;;;
28.00;160;0;;;;;;;
10.00;;0;;;;;;;
200.00;3600;0;;;;;;;
26.00;;0;;;;;;;
8.90;;0;;;;;;;
200.00;450;0;;;;;;;
973.00;;0;;;;;;;
25.00;;0;;;;;;;
17.00;;0;;;;;;;
70.00;;0;;;;;;;
38.00;;0;;;;;;;
320.00;;0;;;;;;;
550.00;600;0;;;;;;;
286.56;290;0;;;;;;;
1330.00;1600;1;;;;;;;
0.36;1.90;1;;;;;;;
0.36;2.00;1;;;;;;;
0.47;3.00;1;;;;;;;
0.36;2.00;1;;;;;;;
0.31;3.00;1;;;;;;;
0.30;3.00;1;;;;;;;
0.38;3.00;1;;;;;;;
0.53;3.00;1;;;;;;;
0.17;1.00;1;;;;;;;
0.25;2.00;1;;;;;;;
0.28;1.00;1;;;;;;;
0.27;2.00;1;;;;;;;
0.35;3.00;1;;;;;;;
0.38;3.00;1;;;;;;;
0.32;2.00;1;;;;;;;
0.34;2.00;1;;;;;;;
0.24;1.00;1;;;;;;;
0.25;1.00;1;;;;;;;
0.27;2.00;1;;;;;;;
0.22;3.00;1;;;;;;;
0.32;2.00;1;;;;;;;
0.16;2.00;1;;;;;;;
0.17;2.00;1;;;;;;;
0.22;2.00;1;;;;;;;
0.17;2.00;1;;;;;;;
0.15;2.00;1;;;;;;;
0.27;3.00;1;;;;;;;
0.32;3.00;1;;;;;;;
0.22;2.00;1;;;;;;;
0.29;1.00;1;;;;;;;
0.31;3.00;1;;;;;;;
0.22;3.00;1;;;;;;;
0.13;1.00;1;;;;;;;
0.14;3.00;1;;;;;;;
0.09;2.00;1;;;;;;;
0.13;3.00;1;;;;;;;
0.08;2.00;1;;;;;;;
0.11;3.00;1;;;;;;;
0.12;3.00;1;;;;;;;
0.13;3.00;1;;;;;;;
0.33;5.00;1;;;;;;;
0.20;1.00;1;;;;;;;
0.24;4.00;1;;;;;;;
0.37;3.00;1;;;;;;;
0.33;2.00;1;;;;;;;
0.11;4.00;1;;;;;;;
0.37;4.00;1;;;;;;;
0.18;3.00;1;;;;;;;
0.17;3.00;1;;;;;;;
0.05;2.00;1;;;;;;;
0.11;2.00;1;;;;;;;
0.25;5.00;1;;;;;;;
0.05;1.00;1;;;;;;;
0.17;2.00;1;;;;;;;
0.23;2.00;1;;;;;;;
0.23;2.00;1;;;;;;;
0.22;2.00;1;;;;;;;
0.24;1.00;1;;;;;;;
0.23;2.00;1;;;;;;;
0.23;2.00;1;;;;;;;
0.24;2.00;1;;;;;;;
0.24;1.00;1;;;;;;;
0.24;2.00;1;;;;;;;
0.24;1.00;1;;;;;;;
0.25;3.00;1;;;;;;;
0.25;2.00;1;;;;;;;
0.25;2.00;1;;;;;;;
0.24;2.00;1;;;;;;;
0.24;2.00;1;;;;;;;
0.22;2.00;1;;;;;;;
0.16;2.00;1;;;;;;;
0.18;2.00;1;;;;;;;
0.27;2.00;1;;;;;;;
0.26;2.00;1;;;;;;;
0.24;2.00;1;;;;;;;
0.32;2.00;1;;;;;;;
0.16;3.00;1;;;;;;;
0.18;2.00;1;;;;;;;
0.28;3.00;1;;;;;;;
0.26;2.00;1;;;;;;;
0.24;2.00;1;;;;;;;
0.23;2.00;1;;;;;;;
0.20;2.00;1;;;;;;;
0.26;2.00;1;;;;;;;
0.26;2.00;1;;;;;;;
0.47;3.00;1;;;;;;;
0.36;2.00;1;;;;;;;
0.36;2.00;1;;;;;;;
0.24;3.00;1;;;;;;;
0.30;2.00;1;;;;;;;
0.35;2.00;1;;;;;;;
0.40;3.00;1;;;;;;;
0.36;3.00;1;;;;;;;
0.33;3.00;1;;;;;;;
0.48;2.00;1;;;;;;;
0.37;2.00;1;;;;;;;
0.32;2.00;1;;;;;;;
0.37;2.00;1;;;;;;;
0.27;2.00;1;;;;;;;
0.46;2.00;1;;;;;;;
0.53;2.00;1;;;;;;;
0.41;3.00;1;;;;;;;
0.55;3.00;1;;;;;;;
0.39;2.00;1;;;;;;;
0.50;2.00;1;;;;;;;
0.26;2.00;1;;;;;;;
0.32;1.00;1;;;;;;;
0.40;2.00;1;;;;;;;
0.43;3.00;1;;;;;;;
0.33;1.00;1;;;;;;;
0.44;2.00;1;;;;;;;
0.46;2.00;1;;;;;;;
0.39;3.00;1;;;;;;;
0.44;2.00;1;;;;;;;
0.32;1.00;1;;;;;;;
0.36;2.00;1;;;;;;;
0.14;0.70;1;;;;;;;
0.18;1.15;1;;;;;;;
0.04;0.35;1;;;;;;;
0.16;1.20;1;;;;;;;
0.06;0.75;1;;;;;;;
0.13;0.65;1;;;;;;;
0.12;0.80;1;;;;;;;
0.06;0.60;1;;;;;;;
0.05;0.70;1;;;;;;;
0.09;0.75;1;;;;;;;
0.14;1.00;1;;;;;;;
0.29;0.95;1;;;;;;;
0.09;0.80;1;;;;;;;
0.23;1.55;1;;;;;;;
0.08;0.40;1;;;;;;;
0.30;0.85;1;;;;;;;
0.16;1.20;1;;;;;;;
0.24;1.30;1;;;;;;;
0.13;0.85;1;;;;;;;
0.48;1.75;1;;;;;;;
0.13;0.80;1;;;;;;;
0.31;1.20;1;;;;;;;
0.16;0.90;1;;;;;;;
0.17;0.83;1;;;;;;;
0.29;1.30;1;;;;;;;
0.19;1.15;1;;;;;;;
0.28;1.00;1;;;;;;;
0.25;0.70;1;;;;;;;
0.53;1.10;1;;;;;;;
0.41;1.50;1;;;;;;;
0.42;1.15;1;;;;;;;
0.15;0.95;1;;;;;;;
0.26;1.20;1;;;;;;;
0.27;1.60;1;;;;;;;
0.20;1.50;1;;;;;;;
0.07;0.65;1;;;;;;;
0.32;1.50;1;;;;;;;
0.15;1.00;1;;;;;;;
0.22;0.80;1;;;;;;;
0.27;0.80;1;;;;;;;
0.25;0.75;1;;;;;;;
0.27;1.25;1;;;;;;;
0.32;1.10;1;;;;;;;
0.17;0.75;1;;;;;;;
0.12;1.00;1;;;;;;;
0.20;1.20;1;;;;;;;
0.24;1.45;1;;;;;;;
0.17;0.80;1;;;;;;;
0.15;1.48;1;;;;;;;
0.26;1.75;1;;;;;;;
0.27;1.50;1;;;;;;;
0.13;0.80;1;;;;;;;
0.14;0.75;1;;;;;;;
0.06;0.55;1;;;;;;;
0.15;0.80;1;;;;;;;
0.15;0.80;1;;;;;;;
0.11;0.40;1;;;;;;;
0.28;1.30;1;;;;;;;
0.10;0.60;1;;;;;;;
0.12;0.50;1;;;;;;;
0.13;0.80;1;;;;;;;
0.26;1.30;1;;;;;;;
0.20;1.10;1;;;;;;;
0.14;0.60;1;;;;;;;
0.09;1.30;1;;;;;;;
0.27;1.30;1;;;;;;;
0.54;1.30;1;;;;;;;
0.36;0.90;1;;;;;;;
0.22;1.10;1;;;;;;;
0.12;0.90;1;;;;;;;
0.16;0.60;1;;;;;;;
0.11;0.50;1;;;;;;;
0.64;1.20;1;;;;;;;
0.33;1.20;1;;;;;;;
0.04;0.20;1;;;;;;;
0.49;0.80;1;;;;;;;
0.18;0.60;1;;;;;;;
0.13;0.50;1;;;;;;;
0.70;1.50;1;;;;;;;
0.20;0.80;1;;;;;;;
0.14;0.70;1;;;;;;;
0.31;2.50;1;;;;;;;
0.68;2.20;1;;;;;;;
0.38;3.75;1;;;;;;;
0.65;4.15;1;;;;;;;
0.76;4.00;1;;;;;;;
0.46;2.20;1;;;;;;;
0.21;1.90;1;;;;;;;
0.31;2.10;1;;;;;;;
0.61;2.80;1;;;;;;;
0.40;2.00;1;;;;;;;
0.10;1.80;1;;;;;;;
0.25;3.30;1;;;;;;;
0.25;1.40;1;;;;;;;
0.42;3.00;1;;;;;;;
0.33;4.90;1;;;;;;;
0.31;2.30;1;;;;;;;
0.46;2.20;1;;;;;;;
0.18;2.30;1;;;;;;;
0.39;2.80;1;;;;;;;
1.10;3.30;1;;;;;;;
0.23;3.50;1;;;;;;;
0.65;4.00;1;;;;;;;
0.39;1.50;1;;;;;;;
0.19;2.70;1;;;;;;;
0.30;0.80;1;;;;;;;
0.61;0.80;1;;;;;;;
0.27;3.50;1;;;;;;;
0.14;1.90;1;;;;;;;
0.29;2.30;1;;;;;;;
0.39;2.80;1;;;;;;;
0.46;4.20;1;;;;;;;
0.23;3.50;1;;;;;;;
1.10;3.30;1;;;;;;;
0.71;4.30;1;;;;;;;
0.65;7.70;1;;;;;;;
0.28;3.30;1;;;;;;;
0.25;3.60;1;;;;;;;
0.13;2.10;1;;;;;;;
0.10;2.30;1;;;;;;;
0.35;3.20;1;;;;;;;
0.15;4.00;1;;;;;;;
0.35;1.50;1;;;;;;;
0.46;3.50;1;;;;;;;
0.27;1.60;1;;;;;;;
0.90;3.50;1;;;;;;;
0.50;1.40;1;;;;;;;
0.05;2.40;1;;;;;;;
0.85;8.10;1;;;;;;;
0.67;8.40;1;;;;;;;
0.63;4.10;1;;;;;;;
0.28;6.40;1;;;;;;;
0.13;2.10;1;;;;;;;
0.78;4.70;1;;;;;;;
0.63;4.10;1;;;;;;;
0.22;4.80;1;;;;;;;
0.27;5.80;1;;;;;;;
0.67;8.40;1;;;;;;;
0.46;3.50;1;;;;;;;
0.15;4.00;1;;;;;;;
0.39;4.70;1;;;;;;;
0.85;11.70;1;;;;;;;
0.53;3.90;1;;;;;;;
0.06;1.80;1;;;;;;;
0.07;1.50;1;;;;;;;
0.14;1.20;1;;;;;;;
0.27;1.30;1;;;;;;;
0.18;1.30;1;;;;;;;
0.19;1.30;1;;;;;;;
0.17;0.77;1;;;;;;;
0.15;1.60;1;;;;;;;
0.41;0.91;1;;;;;;;
0.37;0.85;1;;;;;;;
0.54;1.10;1;;;;;;;
0.05;0.45;1;;;;;;;
0.04;0.83;1;;;;;;;
0.13;1.30;1;;;;;;;
0.17;1.40;1;;;;;;;
0.07;0.84;1;;;;;;;
0.11;1.80;1;;;;;;;
0.25;0.88;1;;;;;;;
0.23;0.72;1;;;;;;;
0.49;1.98;1;;;;;;;
0.55;2.40;1;;;;;;;
0.63;2.20;1;;;;;;;
0.47;1.90;1;;;;;;;
0.12;0.78;1;;;;;;;
0.08;1.10;1;;;;;;;
0.11;1.30;1;;;;;;;
0.18;1.50;1;;;;;;;
0.10;1.30;1;;;;;;;
0.10;1.30;1;;;;;;;
0.09;1.30;1;;;;;;;
0.24;1.40;1;;;;;;;
0.07;0.98;1;;;;;;;
0.20;1.10;1;;;;;;;
0.08;0.80;1;;;;;;;
0.36;3.20;1;;;;;;;
0.14;1.30;1;;;;;;;
0.34;1.40;1;;;;;;;
0.17;1.60;1;;;;;;;
0.33;1.80;1;;;;;;;
0.35;1.70;1;;;;;;;
0.27;1.50;1;;;;;;;
0.39;1.20;1;;;;;;;
0.18;0.65;1;;;;;;;
0.41;2.10;1;;;;;;;
0.23;1.30;1;;;;;;;
0.04;0.49;1;;;;;;;
0.21;0.63;1;;;;;;;
0.15;1.30;1;;;;;;;
0.15;0.84;1;;;;;;;
0.06;0.50;1;;;;;;;
0.26;1.30;1;;;;;;;
0.16;1.90;1;;;;;;;
0.33;2.10;1;;;;;;;
0.25;1.10;1;;;;;;;
0.10;0.70;1;;;;;;;
0.20;1.30;1;;;;;;;
0.17;0.65;1;;;;;;;
0.68;2.40;1;;;;;;;
0.52;2.10;1;;;;;;;
0.29;2.70;1;;;;;;;
0.18;0.59;1;;;;;;;
0.12;1.30;1;;;;;;;
0.40;1.30;1;;;;;;;
0.22;0.84;1;;;;;;;
0.25;0.70;1;;;;;;;
0.88;6.40;1;;;;;;;
0.51;2.50;1;;;;;;;
1.15;3.50;1;;;;;;;
0.33;2.50;1;;;;;;;
1.23;5.20;1;;;;;;;
1.48;4.70;1;;;;;;;
0.41;4.00;1;;;;;;;
0.90;4.20;1;;;;;;;
1.42;3.80;1;;;;;;;
1.51;3.70;1;;;;;;;
0.64;3.40;1;;;;;;;
0.07;0.96;1;;;;;;;
0.12;3.80;1;;;;;;;
0.07;3.20;1;;;;;;;
0.12;2.20;1;;;;;;;
0.10;2.00;1;;;;;;;
0.07;1.40;1;;;;;;;
0.12;2.10;1;;;;;;;
0.08;1.70;1;;;;;;;
0.06;1.30;1;;;;;;;
0.13;2.20;1;;;;;;;
0.10;3.40;1;;;;;;;
0.05;1.80;1;;;;;;;
0.11;3.20;1;;;;;;;
0.07;2.20;1;;;;;;;
0.10;2.70;1;;;;;;;
0.07;0.90;1;;;;;;;
0.06;0.80;1;;;;;;;
0.21;6.00;1;;;;;;;
0.12;2.50;1;;;;;;;
0.05;0.80;1;;;;;;;
0.11;2.90;1;;;;;;;
0.13;6.80;1;;;;;;;
0.12;3.20;1;;;;;;;
0.12;3.60;1;;;;;;;
0.14;3.30;1;;;;;;;
0.06;1.30;1;;;;;;;
0.13;0.80;1;;;;;;;
0.08;1.70;1;;;;;;;
0.06;1.70;1;;;;;;;
0.09;2.00;1;;;;;;;
0.08;1.20;1;;;;;;;
0.08;1.60;1;;;;;;;
0.10;1.40;1;;;;;;;
0.05;0.50;1;;;;;;;
0.11;3.90;1;;;;;;;
0.09;2.90;1;;;;;;;
0.09;0.60;1;;;;;;;
0.06;0.40;1;;;;;;;
0.04;2.10;1;;;;;;;
0.12;3.80;1;;;;;;;
0.13;0.80;1;;;;;;;
0.06;3.00;1;;;;;;;
0.07;3.90;1;;;;;;;
0.10;2.80;1;;;;;;;
0.10;2.60;1;;;;;;;
0.08;4.00;1;;;;;;;
0.12;3.00;1;;;;;;;
0.08;0.40;1;;;;;;;
0.08;0.50;1;;;;;;;
0.07;0.55;1;;;;;;;
0.19;0.60;1;;;;;;;
0.15;0.50;1;;;;;;;
0.10;0.60;1;;;;;;;
0.10;0.80;1;;;;;;;
0.13;0.90;1;;;;;;;
0.20;1.00;1;;;;;;;
0.17;1.60;1;;;;;;;
0.10;0.69;1;;;;;;;
0.68;1.58;1;;;;;;;
0.14;0.86;1;;;;;;;
0.50;1.10;1;;;;;;;
0.37;1.68;1;;;;;;;
0.14;1.28;1;;;;;;;
0.21;1.80;1;;;;;;;
1.17;1.90;1;;;;;;;
0.55;1.20;1;;;;;;;
0.27;2.00;1;;;;;;;
0.26;1.83;1;;;;;;;
0.06;0.88;1;;;;;;;
0.10;1.60;1;;;;;;;
0.42;1.38;1;;;;;;;
0.19;2.20;1;;;;;;;
1.27;2.24;1;;;;;;;
0.25;1.40;1;;;;;;;
1.10;1.55;1;;;;;;;
0.52;1.74;1;;;;;;;
0.66;1.19;1;;;;;;;
0.60;1.23;1;;;;;;;
0.40;0.50;1;;;;;;;
0.28;0.32;1;;;;;;;
0.92;2.24;1;;;;;;;
0.17;0.96;1;;;;;;;
1.18;2.40;1;;;;;;;
0.57;1.80;1;;;;;;;
0.70;2.82;1;;;;;;;
0.20;0.87;1;;;;;;;
0.42;0.73;1;;;;;;;
0.27;1.32;1;;;;;;;
0.20;1.74;1;;;;;;;
0.42;1.97;1;;;;;;;
0.05;1.05;1;;;;;;;
0.04;0.70;1;;;;;;;
0.07;1.14;1;;;;;;;
0.36;1.69;1;;;;;;;
0.18;1.37;1;;;;;;;
0.71;1.46;1;;;;;;;
0.14;0.69;1;;;;;;;
0.39;0.82;1;;;;;;;
1.38;2.15;1;;;;;;;
0.15;0.64;1;;;;;;;
0.74;1.32;1;;;;;;;
0.66;2.01;1;;;;;;;
0.17;0.91;1;;;;;;;
0.95;2.42;1;;;;;;;
0.70;1.51;1;;;;;;;
0.35;1.19;1;;;;;;;
0.38;1.90;1;;;;;;;
1.28;1.23;1;;;;;;;
0.25;0.82;1;;;;;;;
0.91;2.50;1;;;;;;;
0.80;3.01;1;;;;;;;
0.81;1.23;1;;;;;;;
1.44;1.14;1;;;;;;;
0.69;1.09;1;;;;;;;
1.15;0.75;1;;;;;;;
0.12;0.90;1;;;;;;;
0.69;1.44;1;;;;;;;
0.34;1.62;1;;;;;;;
0.60;0.64;1;;;;;;;
0.40;1.36;1;;;;;;;
0.43;1.47;1;;;;;;;
0.19;1.54;1;;;;;;;
0.05;0.97;1;;;;;;;
0.11;0.93;1;;;;;;;
0.16;1.04;1;;;;;;;
0.11;0.97;1;;;;;;;
1.30;4.25;1;;;;;;;
2.07;6.56;1;;;;;;;
1.28;3.52;1;;;;;;;
1.93;4.13;1;;;;;;;
0.20;3.89;1;;;;;;;
1.86;4.98;1;;;;;;;
2.20;7.05;1;;;;;;;
1.80;5.84;1;;;;;;;
2.90;3.47;1;;;;;;;
0.71;3.00;1;;;;;;;
0.96;3.00;1;;;;;;;
0.97;3.00;1;;;;;;;
2.41;5.00;1;;;;;;;
2.40;12.50;1;;;;;;;
0.90;4.00;1;;;;;;;
0.38;5.20;1;;;;;;;
1.42;6.10;1;;;;;;;
0.44;6.50;1;;;;;;;
1.43;6.50;1;;;;;;;
0.95;8.00;1;;;;;;;
0.24;19.40;1;;;;;;;
0.60;4.50;1;;;;;;;
;244.10;1;;;;;;;
;150.00;1;;;;;;;
15.00;120.00;1;;;;;;;
15.00;120.00;1;;;;;;;
15.00;120.00;1;;;;;;;
;88.10;1;;;;;;;
5.00;80.00;1;;;;;;;
;80.00;1;;;;;;;
0.90;74.00;1;;;;;;;
10.00;55.00;1;;;;;;;
0.10;54.00;1;;;;;;;
0.50;50.00;1;;;;;;;
;40.00;1;;;;;;;
17.00;30.00;1;;;;;;;
6.00;20.10;1;;;;;;;
7.00;15.00;1;;;;;;;
2.40;15.00;1;;;;;;;
2.00;15.00;1;;;;;;;
1.00;15.00;1;;;;;;;
;11.20;1;;;;;;;
2.10;11.00;1;;;;;;;
4.00;10.00;1;;;;;;;
1.80;10.00;1;;;;;;;
0.04;10.00;1;;;;;;;
;9.00;1;;;;;;;
2.00;8.00;1;;;;;;;
3.00;5.00;1;;;;;;;
2.00;5.00;1;;;;;;;
2.00;2.00;1;;;;;;;
0.60;2.00;1;;;;;;;
0.39;2.00;1;;;;;;;
9.00;;1;;;;;;;
5.00;;1;;;;;;;
4.00;;1;;;;;;;
2.00;;1;;;;;;;
0.50;;1;;;;;;;
0.42;;1;;;;;;;
